Date, Open, High, Low, Close
06/05/26, 15.87, 21.57, 15.56, 21.51
06/04/26, 16.33, 16.80, 15.18, 15.40
06/03/26, 15.97, 16.63, 15.94, 16.06
06/02/26, 16.28, 16.29, 15.71, 15.77
06/01/26, 15.88, 16.34, 15.71, 16.05
05/29/26, 15.81, 15.88, 15.22, 15.32
05/28/26, 16.76, 16.85, 15.61, 15.74
05/27/26, 17.01, 17.18, 16.29, 16.29
05/26/26, 16.92, 17.23, 16.56, 17.01
05/25/26, 16.83, 17.39, 16.46, 16.70
05/22/26, 16.83, 17.39, 16.46, 16.70
05/21/26, 17.58, 17.87, 16.60, 16.76
05/20/26, 18.17, 18.18, 17.13, 17.44
05/19/26, 18.01, 18.36, 17.66, 18.06
05/18/26, 19.25, 19.44, 17.70, 17.82
05/15/26, 18.07, 19.27, 17.80, 18.43
05/14/26, 17.86, 18.08, 17.20, 17.26
05/13/26, 17.98, 18.40, 17.76, 17.87
05/12/26, 18.77, 19.10, 17.92, 17.99
05/11/26, 18.21, 18.47, 17.90, 18.38
05/08/26, 17.37, 17.53, 16.82, 17.19
05/07/26, 17.53, 17.60, 16.85, 17.08
05/06/26, 17.15, 17.46, 16.18, 17.39
05/05/26, 17.95, 18.02, 17.20, 17.38
05/04/26, 17.38, 19.08, 17.15, 18.29
05/01/26, 17.01, 17.39, 16.44, 16.99
04/30/26, 18.68, 18.73, 16.87, 16.89
04/29/26, 17.83, 19.00, 17.81, 18.81
04/28/26, 18.30, 19.43, 17.78, 17.83
04/27/26, 19.21, 19.27, 18.02, 18.02
04/24/26, 18.89, 19.35, 18.46, 18.71
04/23/26, 19.42, 21.56, 18.70, 19.31
04/22/26, 19.03, 19.54, 18.68, 18.92
04/21/26, 19.18, 20.85, 18.75, 19.50
04/20/26, 19.58, 19.99, 18.77, 18.87
04/17/26, 18.18, 18.24, 16.87, 17.48
04/16/26, 18.04, 19.09, 17.76, 17.94
04/15/26, 18.18, 18.50, 17.40, 18.17
04/14/26, 18.73, 18.76, 17.89, 18.36
04/13/26, 21.17, 21.58, 18.96, 19.12
04/10/26, 19.71, 20.28, 18.83, 19.23
04/09/26, 21.25, 21.63, 19.45, 19.49
04/08/26, 20.97, 22.17, 19.91, 21.04
04/07/26, 25.09, 28.00, 24.34, 25.78
04/06/26, 24.93, 25.30, 23.78, 24.17
04/03/26, 26.78, 27.89, 23.87, 23.87
04/02/26, 26.78, 27.89, 23.87, 23.87
04/01/26, 24.30, 25.35, 23.50, 24.54
03/31/26, 29.53, 29.64, 25.08, 25.25
03/30/26, 30.79, 31.52, 29.33, 30.61
03/27/26, 27.54, 31.65, 27.54, 31.05
03/26/26, 26.49, 28.49, 26.12, 27.44
03/25/26, 25.79, 26.67, 24.82, 25.33
03/24/26, 25.91, 27.94, 25.64, 26.95
03/23/26, 30.04, 31.04, 20.28, 26.15
03/20/26, 24.46, 29.28, 23.68, 26.78
03/19/26, 25.60, 27.52, 23.54, 24.06
03/18/26, 21.51, 25.13, 21.47, 25.09
03/17/26, 24.56, 24.58, 21.87, 22.37
03/16/26, 25.88, 26.42, 23.23, 23.51
03/13/26, 27.85, 28.47, 24.67, 27.19
03/12/26, 25.48, 27.33, 24.60, 27.29
03/11/26, 24.90, 26.23, 23.75, 24.23
03/10/26, 24.39, 26.01, 22.19, 24.93
03/09/26, 35.12, 35.30, 24.76, 25.50
03/06/26, 23.20, 29.93, 22.92, 29.49
03/05/26, 22.11, 25.84, 20.55, 23.75
03/04/26, 24.39, 24.87, 20.40, 21.15
03/03/26, 24.57, 28.15, 22.18, 23.57
03/02/26, 24.66, 25.24, 20.37, 21.44
02/27/26, 19.28, 21.74, 18.77, 19.86
02/26/26, 18.07, 20.54, 17.50, 18.63
02/25/26, 19.59, 19.62, 17.86, 17.93
02/24/26, 21.24, 22.08, 19.23, 19.55
02/23/26, 20.49, 22.04, 19.50, 21.01
02/20/26, 20.04, 21.21, 18.76, 19.09
02/19/26, 19.34, 21.11, 19.23, 20.23
02/18/26, 19.78, 20.34, 18.48, 19.62
02/17/26, 21.74, 22.96, 19.76, 20.29
02/16/26, 21.48, 22.40, 18.92, 20.60
02/13/26, 21.48, 22.40, 18.92, 20.60
02/12/26, 17.44, 21.21, 17.08, 20.82
02/11/26, 17.87, 18.96, 16.75, 17.65
02/10/26, 17.47, 17.97, 17.14, 17.79
02/09/26, 17.95, 19.20, 16.90, 17.36
02/06/26, 21.24, 21.49, 17.27, 17.76
02/05/26, 19.24, 23.10, 19.06, 21.77
02/04/26, 17.63, 21.24, 17.47, 18.64
02/03/26, 16.16, 20.37, 16.05, 18.00
02/02/26, 19.95, 19.96, 16.08, 16.34
01/30/26, 18.72, 19.27, 16.67, 17.44
01/29/26, 16.04, 19.74, 16.02, 16.88
01/28/26, 16.09, 17.18, 16.05, 16.35
01/27/26, 16.02, 16.37, 15.74, 16.35
01/26/26, 16.90, 17.39, 15.80, 16.15
01/23/26, 15.68, 16.21, 15.30, 16.09
01/22/26, 16.65, 16.67, 15.27, 15.64
01/21/26, 19.31, 20.81, 16.67, 16.90
01/20/26, 19.94, 20.99, 18.64, 20.09
01/19/26, 15.44, 16.29, 15.30, 15.86
01/16/26, 15.44, 16.29, 15.30, 15.86
01/15/26, 16.52, 16.54, 15.30, 15.84
01/14/26, 16.33, 18.10, 16.22, 16.75
01/13/26, 15.36, 16.50, 14.75, 15.98
01/12/26, 16.06, 16.66, 15.03, 15.12
01/09/26, 15.68, 15.81, 14.43, 14.49
01/08/26, 15.69, 15.85, 15.15, 15.45
01/07/26, 14.95, 15.48, 14.83, 15.38
01/06/26, 15.00, 15.21, 14.63, 14.75
01/05/26, 15.14, 15.27, 14.65, 14.90
01/02/26, 14.85, 15.42, 14.46, 14.51
01/01/26, 14.77, 15.17, 14.38, 14.95
12/31/25, 14.77, 15.17, 14.38, 14.95
12/30/25, 14.43, 14.62, 14.04, 14.33
12/29/25, 14.69, 15.08, 13.99, 14.20
12/26/25, 14.12, 14.29, 13.52, 13.60
12/25/25, 14.09, 14.16, 13.38, 13.47
12/24/25, 14.09, 14.16, 13.38, 13.47
12/23/25, 14.09, 14.45, 13.64, 14.00
12/22/25, 15.16, 15.26, 14.03, 14.08
12/19/25, 16.31, 16.53, 14.91, 14.91
12/18/25, 17.61, 17.68, 15.93, 16.87
12/17/25, 16.45, 18.00, 15.82, 17.62
12/16/25, 17.28, 17.61, 16.19, 16.48
12/15/25, 16.51, 17.35, 15.99, 16.50
12/12/25, 14.99, 17.85, 14.85, 15.74
12/11/25, 16.84, 16.88, 14.85, 14.85
12/10/25, 16.94, 17.66, 15.56, 15.77
12/09/25, 16.66, 17.20, 16.45, 16.93
12/08/25, 16.15, 17.09, 16.10, 16.66
12/05/25, 15.58, 16.18, 15.28, 15.41
12/04/25, 16.23, 16.63, 15.68, 15.78
12/03/25, 16.43, 17.28, 15.93, 16.08
12/02/25, 17.28, 17.31, 16.39, 16.59
12/01/25, 18.05, 18.33, 16.58, 17.24
11/28/25, 17.41, 18.52, 15.78, 16.35
11/27/25, 18.25, 18.70, 16.93, 17.19
11/26/25, 18.25, 18.70, 16.93, 17.19
11/25/25, 20.55, 21.77, 18.39, 18.56
11/24/25, 22.69, 23.68, 20.41, 20.52
11/21/25, 25.97, 27.84, 22.54, 23.43
11/20/25, 20.78, 28.27, 19.28, 26.42
11/19/25, 24.52, 24.79, 21.93, 23.66
11/18/25, 23.54, 25.84, 22.91, 24.69
11/17/25, 19.58, 23.44, 19.54, 22.38
11/14/25, 21.33, 23.03, 19.56, 19.83
11/13/25, 17.61, 21.31, 17.51, 20.00
11/12/25, 17.21, 18.06, 17.10, 17.51
11/11/25, 17.90, 18.01, 17.25, 17.28
11/10/25, 18.58, 18.82, 17.60, 17.60
11/07/25, 19.52, 22.72, 19.08, 19.08
11/06/25, 18.36, 20.31, 17.64, 19.50
11/05/25, 19.37, 20.02, 17.31, 18.01
11/04/25, 19.73, 20.48, 17.90, 19.00
11/03/25, 18.06, 18.83, 17.00, 17.17
10/31/25, 16.43, 18.54, 15.96, 17.44
10/30/25, 16.26, 17.41, 15.73, 16.91
10/29/25, 16.34, 17.58, 16.26, 16.92
10/28/25, 15.95, 16.55, 15.66, 16.42
10/27/25, 15.73, 16.07, 15.62, 15.79
10/24/25, 17.02, 17.22, 16.02, 16.37
10/23/25, 18.36, 19.35, 17.08, 17.30
10/22/25, 17.84, 21.01, 17.73, 18.60
10/21/25, 18.65, 18.89, 17.40, 17.87
10/20/25, 20.53, 21.02, 18.23, 18.23
10/17/25, 28.41, 28.99, 20.73, 20.78
10/16/25, 20.49, 25.43, 19.85, 25.31
10/15/25, 20.02, 22.44, 19.11, 20.64
10/14/25, 21.46, 22.94, 19.18, 20.81
10/13/25, 19.45, 20.77, 18.61, 19.03
10/10/25, 16.36, 22.44, 16.23, 21.66
10/09/25, 16.31, 17.27, 16.26, 16.43
10/08/25, 17.17, 17.20, 16.23, 16.30
10/07/25, 16.58, 17.55, 16.19, 17.24
10/06/25, 16.74, 17.09, 16.29, 16.37
10/03/25, 16.35, 17.06, 16.20, 16.65
10/02/25, 16.12, 16.92, 15.93, 16.63
10/01/25, 17.28, 17.28, 15.98, 16.29
09/30/25, 16.49, 16.70, 16.02, 16.28
09/29/25, 15.84, 16.29, 15.74, 16.12
09/26/25, 16.89, 17.05, 15.29, 15.29
09/25/25, 16.55, 17.74, 16.32, 16.74
09/24/25, 16.57, 17.21, 16.18, 16.18
09/23/25, 16.10, 17.07, 15.95, 16.64
09/22/25, 16.14, 16.35, 15.78, 16.10
09/19/25, 15.76, 16.13, 15.29, 15.45
09/18/25, 14.93, 15.80, 14.33, 15.70
09/17/25, 16.42, 16.75, 15.26, 15.72
09/16/25, 15.60, 16.38, 15.44, 16.36
09/15/25, 15.14, 15.84, 14.92, 15.69
09/12/25, 14.62, 14.97, 14.41, 14.76
09/11/25, 15.19, 15.24, 14.65, 14.71
09/10/25, 14.98, 15.63, 14.63, 15.35
09/09/25, 15.02, 15.82, 14.97, 15.04
09/08/25, 15.58, 15.65, 14.99, 15.11
09/05/25, 15.23, 16.92, 14.74, 15.18
09/04/25, 16.22, 16.35, 15.28, 15.30
09/03/25, 17.40, 17.57, 16.34, 16.35
09/02/25, 16.65, 19.38, 16.55, 17.17
09/01/25, 14.31, 15.97, 14.31, 15.36
08/29/25, 14.31, 15.97, 14.31, 15.36
08/28/25, 14.42, 14.69, 14.12, 14.43
08/27/25, 14.66, 15.23, 14.66, 14.85
08/26/25, 15.75, 15.75, 14.62, 14.62
08/25/25, 15.05, 15.19, 14.24, 14.79
08/22/25, 16.81, 16.83, 14.21, 14.22
08/21/25, 15.72, 17.24, 15.65, 16.60
08/20/25, 15.95, 17.19, 15.57, 15.69
08/19/25, 15.23, 15.91, 14.76, 15.57
08/18/25, 15.73, 15.95, 14.95, 14.99
08/15/25, 14.43, 15.18, 14.40, 15.09
08/14/25, 14.66, 15.39, 14.57, 14.83
08/13/25, 14.62, 14.81, 14.30, 14.49
08/12/25, 16.09, 16.56, 14.66, 14.73
08/11/25, 15.81, 16.36, 15.52, 16.25
08/08/25, 16.48, 16.52, 15.15, 15.15
08/07/25, 16.41, 17.64, 15.98, 16.57
08/06/25, 17.22, 17.88, 16.56, 16.77
08/05/25, 17.21, 18.94, 17.11, 17.85
08/04/25, 19.56, 19.58, 17.48, 17.52
08/01/25, 17.40, 21.90, 17.39, 20.38
07/31/25, 14.99, 17.17, 14.74, 16.72
07/30/25, 15.87, 17.27, 15.44, 15.48
07/29/25, 14.95, 16.12, 14.70, 15.98
07/28/25, 15.15, 15.54, 15.00, 15.03
07/25/25, 15.33, 15.39, 14.92, 14.93
07/24/25, 15.39, 15.54, 14.95, 15.39
07/23/25, 16.23, 16.32, 15.32, 15.37
07/22/25, 16.75, 17.48, 16.43, 16.50
07/21/25, 16.87, 16.99, 16.30, 16.65
07/18/25, 16.43, 16.81, 16.28, 16.41
07/17/25, 17.16, 17.37, 16.48, 16.52
07/16/25, 17.66, 19.48, 16.69, 17.16
07/15/25, 16.89, 17.39, 16.56, 17.38
07/14/25, 17.73, 17.85, 16.91, 17.20
07/11/25, 16.41, 17.24, 15.98, 16.40
07/10/25, 16.23, 16.24, 15.70, 15.78
07/09/25, 16.76, 16.76, 15.76, 15.94
07/08/25, 17.41, 17.44, 16.54, 16.81
07/07/25, 17.83, 18.50, 17.51, 17.79
07/04/25, 16.65, 16.83, 16.14, 16.38
07/03/25, 16.65, 16.83, 16.14, 16.38
07/02/25, 16.75, 17.37, 16.54, 16.64
07/01/25, 16.98, 17.48, 16.51, 16.83
06/30/25, 17.19, 17.43, 16.55, 16.73
06/27/25, 16.31, 17.29, 16.12, 16.32
06/26/25, 16.67, 16.78, 16.11, 16.59
06/25/25, 17.28, 17.51, 16.68, 16.76
06/24/25, 18.19, 18.72, 17.33, 17.48
06/23/25, 21.15, 22.51, 19.82, 19.83
06/20/25, 20.74, 21.07, 19.11, 20.62
06/19/25, 20.90, 21.58, 19.59, 20.14
06/18/25, 20.90, 21.58, 19.59, 20.14
06/17/25, 20.53, 21.79, 19.55, 21.60
06/16/25, 19.78, 20.22, 18.67, 19.11
06/13/25, 21.76, 22.00, 18.88, 20.82
06/12/25, 17.87, 18.87, 17.43, 18.02
06/11/25, 17.04, 18.09, 16.23, 17.26
06/10/25, 17.50, 17.99, 16.68, 16.95
06/09/25, 17.69, 17.72, 16.82, 17.16
06/06/25, 18.16, 18.35, 16.65, 16.77
06/05/25, 17.68, 18.80, 17.08, 18.48
06/04/25, 17.68, 18.07, 17.41, 17.61
06/03/25, 18.83, 19.21, 17.64, 17.69
06/02/25, 19.81, 20.45, 18.36, 18.36
05/30/25, 19.61, 20.55, 18.57, 18.57
05/29/25, 18.25, 20.20, 18.11, 19.18
05/28/25, 19.21, 19.43, 18.68, 19.31
05/27/25, 20.63, 21.01, 18.95, 18.96
05/26/25, 20.14, 25.53, 19.83, 22.29
05/23/25, 20.14, 25.53, 19.83, 22.29
05/22/25, 20.62, 22.07, 19.64, 20.28
05/21/25, 18.77, 21.05, 17.77, 20.87
05/20/25, 18.46, 18.68, 17.70, 18.09
05/19/25, 19.84, 19.92, 17.92, 18.14
05/16/25, 17.96, 17.96, 17.15, 17.24
05/15/25, 19.19, 19.38, 17.77, 17.83
05/14/25, 18.10, 18.82, 18.06, 18.62
05/13/25, 18.69, 18.85, 17.65, 18.22
05/12/25, 19.84, 20.44, 18.14, 18.39
05/09/25, 22.40, 22.82, 21.83, 21.90
05/08/25, 22.84, 23.61, 21.88, 22.48
05/07/25, 24.56, 25.62, 23.29, 23.55
05/06/25, 23.97, 25.11, 23.90, 24.76
05/05/25, 24.25, 24.63, 22.81, 23.64
05/02/25, 23.63, 24.32, 22.34, 22.68
05/01/25, 23.94, 25.18, 23.30, 24.60
04/30/25, 24.35, 28.17, 24.23, 24.70
04/29/25, 24.76, 25.99, 23.76, 24.17
04/28/25, 25.75, 26.93, 24.70, 25.15
04/25/25, 26.22, 27.20, 24.84, 24.84
04/24/25, 28.69, 29.66, 26.36, 26.47
04/23/25, 28.75, 30.29, 27.11, 28.45
04/22/25, 32.61, 32.68, 30.08, 30.57
04/21/25, 32.75, 35.75, 31.79, 33.82
04/18/25, 30.79, 32.55, 29.57, 29.65
04/17/25, 30.79, 32.55, 29.57, 29.65
04/16/25, 33.24, 34.96, 29.48, 32.64
04/15/25, 30.01, 31.45, 28.29, 30.12
04/14/25, 34.76, 35.17, 29.75, 30.89
04/11/25, 40.80, 46.12, 36.85, 37.56
04/10/25, 34.44, 54.87, 34.44, 40.72
04/09/25, 50.98, 57.96, 31.90, 33.62
04/08/25, 44.04, 57.52, 36.48, 52.33
04/07/25, 60.13, 60.13, 38.58, 46.98
04/04/25, 30.12, 45.61, 29.99, 45.31
04/03/25, 26.38, 30.02, 24.93, 30.02
04/02/25, 22.30, 23.66, 20.68, 21.51
04/01/25, 22.06, 23.52, 21.58, 21.77
03/31/25, 24.11, 24.80, 21.67, 22.28
03/28/25, 19.08, 22.18, 18.92, 21.65
03/27/25, 18.36, 19.28, 17.95, 18.69
03/26/25, 17.23, 19.07, 16.97, 18.33
03/25/25, 17.58, 17.77, 17.02, 17.15
03/24/25, 19.13, 19.14, 17.46, 17.48
03/21/25, 20.02, 21.14, 19.15, 19.28
03/20/25, 19.52, 21.17, 19.30, 19.80
03/19/25, 21.84, 22.10, 19.42, 19.90
03/18/25, 20.83, 22.57, 20.41, 21.70
03/17/25, 22.89, 22.95, 20.32, 20.51
03/14/25, 24.35, 24.36, 21.48, 21.77
03/13/25, 24.92, 26.13, 23.46, 24.66
03/12/25, 26.88, 26.91, 23.89, 24.23
03/11/25, 27.94, 29.57, 26.18, 26.92
03/10/25, 24.70, 29.56, 24.68, 27.86
03/07/25, 24.85, 26.56, 23.09, 23.37
03/06/25, 22.60, 25.92, 22.39, 24.87
03/05/25, 23.03, 24.84, 21.37, 21.93
03/04/25, 22.96, 26.35, 21.71, 23.51
03/03/25, 19.83, 24.31, 19.25, 22.78
02/28/25, 21.21, 22.40, 19.05, 19.63
02/27/25, 18.25, 21.47, 17.67, 21.13
02/26/25, 18.96, 20.06, 17.83, 19.10
02/25/25, 19.09, 21.48, 18.85, 19.43
02/24/25, 18.08, 20.24, 17.31, 18.98
02/21/25, 15.63, 19.03, 15.28, 18.21
02/20/25, 15.61, 16.63, 15.12, 15.66
02/19/25, 15.14, 15.96, 15.05, 15.27
02/18/25, 15.57, 16.03, 15.35, 15.35
02/17/25, 15.08, 15.42, 14.74, 14.77
02/14/25, 15.08, 15.42, 14.74, 14.77
02/13/25, 15.97, 16.33, 14.98, 15.10
02/12/25, 15.91, 17.18, 15.64, 15.89
02/11/25, 16.13, 16.42, 15.75, 16.02
02/10/25, 16.58, 16.61, 15.70, 15.81
02/07/25, 15.38, 16.66, 14.79, 16.54
02/06/25, 15.88, 16.15, 14.99, 15.50
02/05/25, 17.54, 17.75, 15.77, 15.77
02/04/25, 18.78, 19.11, 16.78, 17.21
02/03/25, 20.36, 20.42, 17.66, 18.62
01/31/25, 15.45, 17.09, 14.90, 16.43
01/30/25, 15.93, 16.42, 15.32, 15.84
01/29/25, 16.42, 18.08, 16.17, 16.56
01/28/25, 18.29, 18.39, 16.25, 16.41
01/27/25, 18.83, 22.51, 17.57, 17.90
01/24/25, 15.02, 15.16, 14.58, 14.85
01/23/25, 15.28, 15.39, 14.59, 15.02
01/22/25, 14.89, 15.29, 14.59, 15.10
01/21/25, 16.29, 16.29, 14.93, 15.06
01/20/25, 16.19, 16.23, 15.53, 15.97
01/17/25, 16.19, 16.23, 15.53, 15.97
01/16/25, 15.87, 16.60, 15.64, 16.60
01/15/25, 19.08, 19.14, 15.96, 16.12
01/14/25, 18.79, 19.66, 18.24, 18.71
01/13/25, 21.18, 22.04, 19.15, 19.19
01/10/25, 18.29, 20.31, 18.05, 19.54
01/09/25, 17.91, 19.50, 17.37, 17.70
01/08/25, 17.91, 19.50, 17.37, 17.70
01/07/25, 16.48, 18.90, 15.79, 17.82
01/06/25, 16.77, 16.87, 15.71, 16.04
01/03/25, 17.66, 17.94, 16.11, 16.13
01/02/25, 17.21, 19.50, 16.96, 17.93
01/01/25, 17.39, 17.81, 16.68, 17.35
12/31/24, 17.39, 17.81, 16.68, 17.35
12/30/24, 17.21, 19.22, 16.44, 17.40
12/27/24, 15.38, 18.45, 15.29, 15.95
12/26/24, 14.99, 15.93, 14.55, 14.73
12/25/24, 16.97, 17.04, 14.27, 14.27
12/24/24, 16.97, 17.04, 14.27, 14.27
12/23/24, 18.09, 20.02, 16.74, 16.78
12/20/24, 24.14, 26.51, 17.82, 18.36
12/19/24, 21.61, 24.12, 20.16, 24.09
12/18/24, 15.57, 28.32, 14.82, 27.62
12/17/24, 14.98, 15.94, 14.78, 15.87
12/16/24, 14.37, 14.69, 13.99, 14.69
12/13/24, 13.57, 14.25, 13.24, 13.81
12/12/24, 13.73, 13.95, 13.39, 13.92
12/11/24, 14.42, 14.43, 13.52, 13.58
12/10/24, 14.30, 14.54, 13.86, 14.18
12/09/24, 13.36, 14.23, 13.35, 14.19
12/06/24, 13.62, 13.74, 12.70, 12.77
12/05/24, 13.46, 13.70, 13.26, 13.54
12/04/24, 13.16, 13.61, 12.89, 13.45
12/03/24, 13.38, 13.77, 13.19, 13.30
12/02/24, 14.08, 14.10, 13.30, 13.34
11/29/24, 14.00, 14.15, 13.49, 13.51
11/28/24, 14.28, 15.13, 13.96, 14.10
11/27/24, 14.28, 15.13, 13.96, 14.10
11/26/24, 14.95, 15.03, 13.88, 14.10
11/25/24, 15.23, 15.72, 14.54, 14.60
11/22/24, 16.67, 17.56, 15.24, 15.24
11/21/24, 17.10, 17.99, 15.73, 16.87
11/20/24, 16.19, 18.79, 16.04, 17.16
11/19/24, 15.44, 17.93, 15.37, 16.35
11/18/24, 16.60, 17.00, 15.35, 15.58
11/15/24, 15.02, 17.55, 14.56, 16.14
11/14/24, 14.17, 14.32, 13.59, 14.31
11/13/24, 15.09, 15.26, 13.77, 14.02
11/12/24, 15.09, 15.37, 14.69, 14.71
11/11/24, 15.33, 15.56, 14.89, 14.97
11/08/24, 15.13, 15.33, 14.66, 14.94
11/07/24, 15.86, 15.86, 15.13, 15.20
11/06/24, 16.06, 16.82, 15.44, 16.27
11/05/24, 21.98, 22.06, 20.20, 20.49
11/04/24, 22.50, 23.07, 21.73, 21.98
11/01/24, 22.96, 23.09, 21.16, 21.88
10/31/24, 21.44, 23.42, 21.12, 23.16
10/30/24, 19.33, 20.44, 19.30, 20.35
10/29/24, 19.75, 20.53, 19.06, 19.34
10/28/24, 19.11, 19.88, 18.91, 19.80
10/25/24, 19.22, 20.51, 18.23, 20.33
10/24/24, 18.87, 20.24, 18.63, 19.08
10/23/24, 18.21, 20.47, 18.18, 19.24
10/22/24, 18.79, 19.44, 18.05, 18.20
10/21/24, 18.78, 19.34, 18.36, 18.37
10/18/24, 19.30, 19.32, 17.99, 18.03
10/17/24, 19.55, 19.65, 18.88, 19.11
10/16/24, 20.77, 21.01, 19.45, 19.58
10/15/24, 19.61, 20.89, 19.44, 20.64
10/14/24, 20.86, 20.86, 19.69, 19.70
10/11/24, 20.87, 21.16, 20.14, 20.46
10/10/24, 20.91, 21.39, 20.64, 20.93
10/09/24, 21.98, 22.01, 20.71, 20.86
10/08/24, 22.92, 23.14, 21.14, 21.42
10/07/24, 20.76, 23.03, 20.65, 22.64
10/04/24, 20.48, 20.48, 18.48, 19.21
10/03/24, 19.63, 20.75, 19.16, 20.49
10/02/24, 19.65, 20.36, 18.58, 18.90
10/01/24, 16.96, 20.73, 16.61, 19.26
09/30/24, 17.01, 17.79, 16.47, 16.73
09/27/24, 15.64, 16.97, 15.20, 16.96
09/26/24, 15.06, 15.83, 14.90, 15.37
09/25/24, 15.82, 15.82, 15.17, 15.41
09/24/24, 15.87, 16.67, 15.27, 15.39
09/23/24, 16.71, 16.95, 15.75, 15.89
09/20/24, 16.35, 16.68, 15.81, 16.15
09/19/24, 17.21, 17.27, 16.21, 16.33
09/18/24, 17.58, 19.39, 17.11, 18.23
09/17/24, 17.16, 18.08, 16.67, 17.61
09/16/24, 17.16, 17.69, 16.91, 17.14
09/13/24, 17.03, 17.18, 16.23, 16.56
09/12/24, 17.62, 18.59, 16.89, 17.07
09/11/24, 19.41, 21.41, 17.55, 17.69
09/10/24, 19.86, 20.74, 18.90, 19.08
09/09/24, 21.32, 21.41, 19.29, 19.45
09/06/24, 21.98, 23.76, 18.83, 22.38
09/05/24, 20.75, 21.53, 19.21, 19.90
09/04/24, 23.20, 23.31, 19.34, 21.32
09/03/24, 15.76, 21.99, 15.71, 20.72
08/30/24, 15.67, 16.04, 14.78, 15.00
08/29/24, 16.54, 16.57, 15.19, 15.65
08/28/24, 15.51, 17.89, 15.46, 17.11
08/27/24, 16.21, 16.81, 15.37, 15.43
08/26/24, 16.27, 16.67, 15.81, 16.15
08/23/24, 17.12, 17.21, 15.61, 15.86
08/22/24, 16.27, 18.06, 15.76, 17.55
08/21/24, 16.25, 17.17, 15.92, 16.27
08/20/24, 14.89, 15.93, 14.78, 15.88
08/19/24, 15.94, 16.07, 14.46, 14.65
08/16/24, 15.29, 15.76, 14.65, 14.80
08/15/24, 16.27, 16.68, 14.77, 15.23
08/14/24, 18.41, 18.49, 16.12, 16.19
08/13/24, 20.06, 20.79, 17.95, 18.12
08/12/24, 20.79, 21.19, 18.89, 20.71
08/09/24, 23.78, 24.52, 20.26, 20.37
08/08/24, 28.34, 29.47, 23.36, 23.79
08/07/24, 24.77, 29.76, 21.97, 27.85
08/06/24, 33.71, 34.77, 24.02, 27.71
08/05/24, 23.39, 65.73, 23.39, 38.57
08/02/24, 20.52, 29.66, 20.01, 23.39
08/01/24, 16.20, 19.48, 15.95, 18.59
07/31/24, 16.66, 16.77, 15.71, 16.36
07/30/24, 16.64, 18.32, 16.26, 17.69
07/29/24, 16.59, 17.21, 16.23, 16.60
07/26/24, 17.97, 18.05, 16.37, 16.39
07/25/24, 18.41, 19.36, 16.42, 18.46
07/24/24, 15.35, 18.46, 15.18, 18.04
07/23/24, 15.21, 15.35, 13.90, 14.72
07/22/24, 16.79, 16.89, 14.75, 14.91
07/19/24, 16.44, 17.19, 10.62, 16.52
07/18/24, 14.27, 16.43, 14.08, 15.93
07/17/24, 13.60, 14.88, 13.54, 14.48
07/16/24, 13.38, 13.47, 12.95, 13.19
07/15/24, 12.78, 13.26, 12.75, 13.12
07/12/24, 12.87, 12.89, 12.11, 12.46
07/11/24, 12.88, 13.33, 12.23, 12.92
07/10/24, 12.51, 12.92, 12.39, 12.85
07/09/24, 12.48, 12.61, 12.35, 12.51
07/08/24, 12.91, 12.91, 12.31, 12.37
07/05/24, 12.37, 12.61, 11.84, 12.48
07/04/24, 12.13, 12.23, 11.95, 12.09
07/03/24, 12.13, 12.23, 11.95, 12.09
07/02/24, 12.67, 12.88, 11.85, 12.03
07/01/24, 12.98, 13.26, 12.10, 12.22
06/28/24, 12.24, 12.76, 11.87, 12.44
06/27/24, 12.69, 12.77, 12.21, 12.24
06/26/24, 12.81, 13.24, 12.37, 12.55
06/25/24, 13.48, 13.52, 12.84, 12.84
06/24/24, 13.85, 13.88, 13.15, 13.33
06/21/24, 13.22, 13.78, 12.99, 13.20
06/20/24, 12.50, 13.55, 12.18, 13.28
06/19/24, 12.32, 12.55, 12.32, 12.48
06/18/24, 12.70, 12.74, 12.24, 12.30
06/17/24, 13.07, 13.29, 12.50, 12.75
06/14/24, 12.22, 13.45, 12.12, 12.66
06/13/24, 12.05, 12.68, 11.88, 11.94
06/12/24, 13.10, 13.15, 11.94, 12.04
06/11/24, 12.85, 13.47, 12.78, 12.85
06/10/24, 13.09, 13.28, 12.62, 12.74
06/07/24, 12.69, 13.08, 12.11, 12.22
06/06/24, 12.75, 12.98, 12.54, 12.58
06/05/24, 13.14, 13.25, 12.60, 12.63
06/04/24, 13.51, 14.08, 13.11, 13.16
06/03/24, 13.08, 14.31, 13.00, 13.11
05/31/24, 14.50, 14.87, 12.84, 12.92
05/30/24, 14.82, 14.88, 13.67, 14.47
05/29/24, 13.75, 14.32, 13.69, 14.28
05/28/24, 12.51, 13.44, 12.36, 12.92
05/27/24, 12.86, 12.89, 11.89, 11.93
05/24/24, 12.86, 12.89, 11.89, 11.93
05/23/24, 11.53, 13.37, 11.52, 12.77
05/22/24, 12.05, 12.81, 11.78, 12.29
05/21/24, 12.30, 12.56, 11.84, 11.86
05/20/24, 12.27, 12.59, 12.07, 12.15
05/17/24, 12.28, 12.48, 11.91, 11.99
05/16/24, 12.52, 12.67, 12.33, 12.42
05/15/24, 13.73, 13.94, 12.38, 12.45
05/14/24, 13.71, 14.03, 13.27, 13.42
05/13/24, 13.26, 13.66, 13.25, 13.60
05/10/24, 12.77, 12.96, 12.50, 12.55
05/09/24, 13.08, 13.29, 12.68, 12.69
05/08/24, 13.24, 13.51, 12.94, 13.00
05/07/24, 13.52, 13.64, 13.16, 13.23
05/06/24, 13.98, 14.02, 13.44, 13.49
05/03/24, 14.51, 14.58, 13.48, 13.49
05/02/24, 15.14, 16.09, 14.60, 14.68
05/01/24, 15.75, 16.22, 14.35, 15.39
04/30/24, 14.82, 15.90, 14.67, 15.65
04/29/24, 15.37, 15.42, 14.63, 14.67
04/26/24, 15.49, 16.06, 14.92, 15.03
04/25/24, 16.25, 17.55, 15.27, 15.37
04/24/24, 15.76, 16.38, 15.58, 15.97
04/23/24, 16.72, 16.76, 15.69, 15.69
04/22/24, 18.59, 18.72, 16.69, 16.94
04/19/24, 21.33, 21.36, 18.17, 18.71
04/18/24, 17.91, 18.37, 17.21, 18.00
04/17/24, 18.24, 19.11, 17.54, 18.21
04/16/24, 19.49, 19.56, 17.64, 18.40
04/15/24, 16.94, 19.46, 16.26, 19.23
04/12/24, 14.91, 19.20, 14.91, 17.31
04/11/24, 16.02, 17.61, 14.91, 14.91
04/10/24, 15.24, 16.62, 14.59, 15.80
04/09/24, 15.34, 16.63, 14.94, 14.98
04/08/24, 16.24, 16.50, 15.11, 15.19
04/05/24, 16.45, 16.75, 15.53, 16.03
04/04/24, 14.29, 16.92, 13.74, 16.35
04/03/24, 15.00, 15.18, 14.25, 14.33
04/02/24, 13.74, 15.43, 13.68, 14.61
04/01/24, 13.61, 14.15, 13.55, 13.65
03/28/24, 12.93, 13.10, 12.84, 13.01
03/27/24, 13.13, 13.34, 12.66, 12.78
03/26/24, 13.12, 13.43, 12.84, 13.24
03/25/24, 13.67, 13.67, 13.11, 13.19
03/22/24, 12.92, 13.15, 12.58, 13.06
03/21/24, 12.98, 13.08, 12.40, 12.92
03/20/24, 13.83, 14.17, 13.01, 13.04
03/19/24, 14.50, 14.86, 13.80, 13.82
03/18/24, 14.75, 14.85, 14.26, 14.33
03/15/24, 14.33, 15.53, 14.14, 14.41
03/14/24, 13.62, 15.33, 13.42, 14.40
03/13/24, 13.89, 14.04, 13.67, 13.75
03/12/24, 14.97, 15.20, 13.81, 13.84
03/11/24, 15.51, 16.04, 15.13, 15.22
03/08/24, 14.22, 15.53, 13.97, 14.74
03/07/24, 14.98, 14.98, 14.25, 14.44
03/06/24, 14.27, 14.93, 13.89, 14.50
03/05/24, 13.75, 15.10, 13.75, 14.46
03/04/24, 13.49, 13.58, 13.32, 13.49
03/01/24, 13.34, 13.66, 13.08, 13.11
02/29/24, 14.14, 14.15, 13.30, 13.40
02/28/24, 13.52, 13.90, 13.44, 13.84
02/27/24, 13.63, 13.75, 13.41, 13.43
02/26/24, 14.17, 14.20, 13.66, 13.74
02/23/24, 14.31, 14.31, 13.64, 13.75
02/22/24, 14.28, 14.64, 14.12, 14.54
02/21/24, 15.54, 16.12, 15.22, 15.34
02/20/24, 15.09, 15.91, 15.07, 15.42
02/16/24, 13.94, 14.71, 13.75, 14.24
02/15/24, 14.27, 14.64, 13.94, 14.01
02/14/24, 15.38, 15.47, 14.22, 14.38
02/13/24, 13.96, 17.94, 13.43, 15.85
02/12/24, 13.48, 13.94, 13.34, 13.93
02/09/24, 12.79, 13.01, 12.69, 12.93
02/08/24, 12.95, 13.17, 12.74, 12.79
02/07/24, 13.06, 13.13, 12.81, 12.83
02/06/24, 13.57, 13.78, 12.98, 13.06
02/05/24, 14.37, 14.53, 13.58, 13.67
02/02/24, 13.95, 14.23, 13.39, 13.85
02/01/24, 14.21, 14.63, 13.87, 13.88
01/31/24, 13.42, 14.61, 13.18, 14.35
01/30/24, 13.69, 13.74, 13.23, 13.31
01/29/24, 13.98, 15.35, 13.59, 13.60
01/26/24, 13.73, 14.10, 13.20, 13.26
01/25/24, 13.18, 13.58, 13.06, 13.45
01/24/24, 12.66, 13.18, 12.41, 13.14
01/23/24, 13.20, 13.29, 12.53, 12.55
01/22/24, 13.77, 13.84, 13.17, 13.19
01/19/24, 13.80, 14.58, 13.28, 13.30
01/18/24, 14.85, 14.89, 13.89, 14.13
01/17/24, 14.59, 15.40, 14.38, 14.79
01/16/24, 14.12, 14.35, 13.52, 13.84
01/15/24, 12.66, 13.08, 12.47, 12.70
01/12/24, 12.66, 13.08, 12.47, 12.70
01/11/24, 12.64, 13.31, 12.35, 12.44
01/10/24, 12.86, 12.95, 12.67, 12.69
01/09/24, 13.20, 13.45, 12.74, 12.76
01/08/24, 14.00, 14.18, 13.02, 13.08
01/05/24, 14.24, 14.58, 13.29, 13.35
01/04/24, 13.93, 14.20, 13.64, 14.13
01/03/24, 13.35, 14.22, 13.33, 14.04
01/02/24, 13.22, 14.23, 13.10, 13.20
12/29/23, 12.55, 13.19, 12.36, 12.45
12/28/23, 12.44, 12.65, 12.38, 12.47
12/27/23, 13.02, 13.04, 12.37, 12.43
12/26/23, 13.77, 13.80, 12.96, 12.99
12/22/23, 13.72, 13.96, 13.00, 13.03
12/21/23, 13.40, 14.49, 13.34, 13.65
12/20/23, 12.63, 13.93, 12.29, 13.67
12/19/23, 12.60, 12.60, 12.33, 12.53
12/18/23, 12.62, 12.64, 12.40, 12.56
12/15/23, 12.12, 12.54, 12.01, 12.28
12/14/23, 11.96, 12.74, 11.84, 12.48
12/13/23, 12.20, 12.46, 11.82, 12.19
12/12/23, 12.69, 12.74, 11.81, 12.07
12/11/23, 13.05, 13.14, 12.61, 12.63
12/08/23, 13.14, 13.24, 12.35, 12.35
12/07/23, 13.17, 13.28, 12.95, 13.06
12/06/23, 12.78, 13.03, 12.64, 12.97
12/05/23, 13.26, 13.76, 12.81, 12.85
12/04/23, 13.28, 13.70, 12.98, 13.08
12/01/23, 12.94, 12.96, 12.48, 12.63
11/30/23, 13.07, 13.39, 12.82, 12.92
11/29/23, 12.71, 13.10, 12.48, 12.98
11/28/23, 12.78, 14.30, 12.56, 12.69
11/27/23, 13.14, 13.28, 12.64, 12.69
11/24/23, 13.03, 13.17, 12.45, 12.46
11/23/23, 13.08, 13.25, 12.82, 12.85
11/22/23, 13.08, 13.25, 12.82, 12.85
11/21/23, 13.45, 14.31, 13.13, 13.35
11/20/23, 14.26, 14.31, 13.39, 13.41
11/17/23, 14.18, 14.19, 13.67, 13.80
11/16/23, 14.12, 14.42, 13.68, 14.32
11/15/23, 14.21, 14.35, 13.97, 14.18
11/14/23, 14.83, 14.86, 13.91, 14.16
11/13/23, 15.16, 15.19, 14.58, 14.76
11/10/23, 15.09, 15.45, 14.16, 14.17
11/09/23, 14.61, 15.57, 14.13, 15.29
11/08/23, 14.91, 15.09, 14.30, 14.45
11/07/23, 15.10, 15.17, 14.71, 14.81
11/06/23, 15.39, 15.58, 14.84, 14.89
11/03/23, 15.70, 15.83, 14.91, 14.91
11/02/23, 16.59, 16.62, 15.58, 15.66
11/01/23, 18.02, 18.42, 16.63, 16.87
10/31/23, 19.86, 19.86, 17.97, 18.14
10/30/23, 21.13, 21.16, 19.55, 19.75
10/27/23, 20.39, 22.07, 19.72, 21.27
10/26/23, 21.78, 21.96, 20.22, 20.68
10/25/23, 19.39, 21.24, 18.86, 20.19
10/24/23, 20.03, 20.24, 18.65, 18.97
10/23/23, 21.83, 23.08, 19.48, 20.37
10/20/23, 21.59, 21.83, 20.42, 21.71
10/19/23, 19.73, 21.40, 18.55, 21.40
10/18/23, 18.36, 20.15, 17.88, 19.22
10/17/23, 17.41, 18.54, 16.97, 17.88
10/16/23, 19.10, 19.57, 17.14, 17.21
10/13/23, 16.53, 20.78, 16.50, 19.32
10/12/23, 16.08, 18.08, 15.44, 16.69
10/11/23, 16.95, 17.78, 16.09, 16.09
10/10/23, 17.70, 17.86, 16.51, 17.03
10/09/23, 19.54, 19.60, 17.56, 17.70
10/06/23, 18.73, 19.93, 17.19, 17.45
10/05/23, 18.67, 19.58, 18.26, 18.49
10/04/23, 20.72, 20.88, 18.30, 18.58
10/03/23, 17.81, 20.48, 17.52, 19.78
10/02/23, 17.31, 18.55, 16.93, 17.61
09/29/23, 16.87, 17.74, 15.83, 17.52
09/28/23, 18.22, 18.77, 17.06, 17.34
09/27/23, 18.29, 19.71, 18.03, 18.22
09/26/23, 18.03, 19.50, 17.17, 18.94
09/25/23, 17.25, 18.41, 16.79, 16.90
09/22/23, 17.31, 17.41, 15.93, 17.20
09/21/23, 15.49, 17.54, 15.10, 17.54
09/20/23, 14.18, 15.15, 13.57, 15.14
09/19/23, 14.11, 14.88, 13.86, 14.11
09/18/23, 14.40, 14.75, 13.86, 14.00
09/15/23, 12.70, 14.17, 12.68, 13.79
09/14/23, 13.39, 13.46, 12.79, 12.82
09/13/23, 14.42, 14.68, 13.41, 13.48
09/12/23, 14.02, 14.42, 13.71, 14.23
09/11/23, 14.17, 14.33, 13.74, 13.80
09/08/23, 14.22, 14.87, 13.58, 13.84
09/07/23, 14.81, 15.69, 14.40, 14.40
09/06/23, 14.27, 15.30, 14.13, 14.45
09/05/23, 14.15, 14.47, 13.70, 14.01
09/01/23, 13.56, 13.56, 13.02, 13.09
08/31/23, 13.98, 14.00, 13.44, 13.57
08/30/23, 14.53, 14.70, 13.83, 13.88
08/29/23, 15.08, 15.30, 14.34, 14.45
08/28/23, 16.24, 16.28, 15.00, 15.08
08/25/23, 17.21, 17.36, 15.45, 15.68
08/24/23, 15.57, 17.32, 15.48, 17.20
08/23/23, 16.64, 17.10, 15.91, 15.98
08/22/23, 16.96, 17.58, 16.61, 16.97
08/21/23, 18.03, 18.11, 16.88, 17.13
08/18/23, 17.80, 18.88, 17.14, 17.30
08/17/23, 16.96, 18.13, 16.40, 17.89
08/16/23, 16.54, 16.93, 15.80, 16.78
08/15/23, 14.95, 16.57, 14.91, 16.46
08/14/23, 15.88, 16.06, 14.77, 14.82
08/11/23, 15.53, 16.51, 14.84, 14.84
08/10/23, 15.58, 16.86, 14.60, 15.85
08/09/23, 15.81, 16.87, 15.38, 15.96
08/08/23, 16.28, 18.14, 15.96, 15.99
08/07/23, 16.90, 17.36, 15.77, 15.77
08/04/23, 16.01, 17.39, 14.57, 17.10
08/03/23, 16.77, 17.42, 15.72, 15.92
08/02/23, 15.70, 16.48, 14.95, 16.09
08/01/23, 13.75, 14.30, 13.75, 13.93
07/31/23, 13.98, 14.09, 13.57, 13.63
07/28/23, 14.03, 14.18, 13.27, 13.33
07/27/23, 13.14, 15.02, 12.74, 14.41
07/26/23, 13.86, 14.16, 13.15, 13.19
07/25/23, 14.02, 14.09, 13.82, 13.86
07/24/23, 14.29, 14.30, 13.73, 13.91
07/21/23, 13.87, 13.89, 13.37, 13.60
07/20/23, 13.96, 14.23, 13.58, 13.99
07/19/23, 13.32, 13.84, 13.12, 13.76
07/18/23, 13.61, 13.67, 13.29, 13.30
07/17/23, 13.78, 14.00, 13.43, 13.48
07/14/23, 13.72, 13.76, 13.22, 13.34
07/13/23, 13.44, 13.61, 13.12, 13.61
07/12/23, 14.82, 14.82, 13.51, 13.54
07/11/23, 15.02, 15.25, 14.63, 14.84
07/10/23, 16.08, 16.21, 15.04, 15.07
07/07/23, 15.97, 16.06, 14.33, 14.83
07/06/23, 14.85, 17.08, 14.79, 15.44
07/05/23, 14.19, 14.74, 14.05, 14.18
07/04/23, 13.85, 13.85, 13.47, 13.57
07/03/23, 13.85, 13.85, 13.47, 13.57
06/30/23, 13.51, 13.59, 12.96, 13.59
06/29/23, 13.64, 13.85, 13.41, 13.54
06/28/23, 13.90, 13.96, 13.36, 13.43
06/27/23, 14.11, 14.34, 13.59, 13.74
06/26/23, 14.43, 14.71, 13.78, 14.25
06/23/23, 13.24, 13.80, 12.88, 13.44
06/22/23, 13.88, 13.98, 12.73, 12.91
06/21/23, 13.88, 13.89, 13.10, 13.20
06/20/23, 14.36, 14.67, 13.86, 13.88
06/19/23, 14.49, 14.54, 13.48, 13.54
06/16/23, 14.49, 14.54, 13.48, 13.54
06/15/23, 14.09, 14.52, 13.79, 14.50
06/14/23, 14.48, 14.73, 13.83, 13.88
06/13/23, 14.99, 15.06, 14.47, 14.61
06/12/23, 14.44, 15.02, 14.32, 15.01
06/09/23, 13.78, 14.14, 13.50, 13.83
06/08/23, 14.14, 14.21, 13.53, 13.65
06/07/23, 14.14, 14.29, 13.77, 13.94
06/06/23, 14.91, 14.97, 13.95, 13.96
06/05/23, 15.28, 15.29, 14.66, 14.73
06/02/23, 15.65, 15.65, 14.42, 14.60
06/01/23, 17.24, 17.59, 15.58, 15.65
05/31/23, 18.04, 18.40, 17.12, 17.94
05/30/23, 17.56, 18.34, 16.98, 17.46
05/29/23, 19.07, 19.56, 17.27, 17.95
05/26/23, 19.07, 19.56, 17.27, 17.95
05/25/23, 19.54, 19.95, 18.70, 19.14
05/24/23, 18.80, 20.81, 18.80, 20.03
05/23/23, 17.35, 19.31, 17.30, 18.53
05/22/23, 17.45, 18.13, 16.82, 17.21
05/19/23, 16.13, 17.36, 15.85, 16.81
05/18/23, 16.92, 17.15, 16.05, 16.05
05/17/23, 17.96, 18.26, 16.68, 16.87
05/16/23, 17.54, 18.30, 17.26, 17.99
05/15/23, 17.44, 18.16, 17.08, 17.12
05/12/23, 16.83, 17.92, 16.38, 17.03
05/11/23, 16.80, 18.19, 16.63, 16.93
05/10/23, 17.58, 18.31, 16.36, 16.94
05/09/23, 17.29, 17.86, 17.22, 17.71
05/08/23, 17.73, 17.88, 16.83, 16.98
05/05/23, 19.50, 19.63, 16.69, 17.19
05/04/23, 19.17, 21.33, 18.67, 20.09
05/03/23, 17.82, 18.83, 17.19, 18.34
05/02/23, 16.27, 19.81, 16.26, 17.78
05/01/23, 16.41, 16.62, 15.53, 16.08
04/28/23, 17.21, 17.65, 15.72, 15.78
04/27/23, 18.43, 18.43, 16.72, 17.03
04/26/23, 18.66, 19.61, 17.87, 18.84
04/25/23, 17.62, 19.86, 17.33, 18.76
04/24/23, 18.22, 18.24, 16.74, 16.89
04/21/23, 17.51, 17.71, 16.58, 16.77
04/20/23, 16.85, 17.69, 16.33, 17.17
04/19/23, 17.30, 17.72, 16.17, 16.46
04/18/23, 16.94, 17.34, 16.58, 16.83
04/17/23, 17.58, 17.79, 16.90, 16.95
04/14/23, 17.94, 18.12, 17.07, 17.07
04/13/23, 18.83, 19.06, 17.77, 17.80
04/12/23, 19.38, 19.98, 18.25, 19.09
04/11/23, 19.08, 19.28, 18.56, 19.10
04/10/23, 19.39, 20.05, 18.93, 18.97
04/06/23, 19.30, 19.88, 18.35, 18.40
04/05/23, 19.42, 20.08, 19.00, 19.08
04/04/23, 18.79, 20.03, 18.58, 19.00
04/03/23, 19.79, 19.83, 18.54, 18.55
03/31/23, 19.21, 19.43, 18.52, 18.70
03/30/23, 19.12, 20.08, 18.85, 19.02
03/29/23, 19.39, 19.45, 19.09, 19.12
03/28/23, 20.53, 21.40, 19.91, 19.97
03/27/23, 22.05, 22.93, 20.57, 20.60
03/24/23, 22.11, 25.21, 21.60, 21.74
03/23/23, 21.54, 24.91, 20.16, 22.61
03/22/23, 21.80, 22.38, 19.94, 22.26
03/21/23, 24.16, 24.16, 21.29, 21.38
03/20/23, 27.77, 28.91, 24.00, 24.15
03/17/23, 22.92, 26.14, 22.58, 25.51
03/16/23, 26.19, 27.49, 22.97, 22.99
03/15/23, 23.21, 29.91, 23.19, 26.14
03/14/23, 26.85, 27.24, 22.27, 23.73
03/13/23, 24.05, 30.81, 23.85, 26.52
03/10/23, 23.34, 28.97, 21.79, 24.80
03/09/23, 19.33, 23.14, 18.88, 22.61
03/08/23, 19.71, 20.01, 19.00, 19.11
03/07/23, 18.64, 19.74, 18.51, 19.59
03/06/23, 19.05, 19.19, 18.49, 18.61
03/03/23, 19.76, 19.76, 18.16, 18.49
03/02/23, 21.41, 21.42, 19.55, 19.59
03/01/23, 20.39, 21.32, 20.22, 20.58
02/28/23, 21.30, 21.37, 20.10, 20.70
02/27/23, 21.99, 22.02, 20.68, 20.95
02/24/23, 21.35, 22.90, 21.32, 21.67
02/23/23, 21.96, 22.43, 20.89, 21.14
02/22/23, 23.03, 23.63, 22.02, 22.29
02/21/23, 21.80, 23.34, 21.80, 22.87
02/17/23, 20.94, 21.30, 19.82, 20.02
02/16/23, 18.26, 20.27, 18.23, 20.17
02/15/23, 19.37, 19.41, 18.11, 18.23
02/14/23, 20.72, 20.75, 18.48, 18.91
02/13/23, 21.66, 21.69, 20.33, 20.34
02/10/23, 20.74, 21.94, 20.44, 20.53
02/09/23, 19.24, 21.08, 19.02, 20.71
02/08/23, 18.88, 20.12, 18.55, 19.63
02/07/23, 19.54, 19.99, 18.43, 18.66
02/06/23, 19.23, 19.81, 19.21, 19.43
02/03/23, 18.57, 19.30, 17.93, 18.33
02/02/23, 17.74, 19.25, 17.06, 18.73
02/01/23, 19.62, 20.04, 17.70, 17.87
01/31/23, 20.12, 20.70, 19.13, 19.40
01/30/23, 19.76, 20.25, 19.54, 19.94
01/27/23, 18.90, 19.00, 17.97, 18.51
01/26/23, 19.05, 19.48, 18.67, 18.73
01/25/23, 19.56, 20.90, 18.99, 19.08
01/24/23, 19.89, 20.47, 18.91, 19.20
01/23/23, 20.21, 20.33, 19.55, 19.81
01/20/23, 20.28, 20.70, 19.41, 19.85
01/19/23, 20.43, 21.71, 20.17, 20.52
01/18/23, 19.28, 20.58, 18.71, 20.34
01/17/23, 19.89, 20.22, 19.21, 19.36
01/16/23, 19.00, 19.41, 18.01, 18.35
01/13/23, 19.00, 19.41, 18.01, 18.35
01/12/23, 21.56, 21.80, 18.83, 18.83
01/11/23, 20.80, 21.25, 20.62, 21.09
01/10/23, 22.22, 22.46, 20.58, 20.58
01/09/23, 21.75, 21.98, 21.27, 21.97
01/06/23, 22.69, 22.90, 21.00, 21.13
01/05/23, 22.20, 22.92, 21.97, 22.46
01/04/23, 22.93, 23.27, 21.94, 22.01
01/03/23, 23.09, 23.76, 22.73, 22.90
12/30/22, 21.83, 22.40, 21.59, 21.67
12/29/22, 22.25, 22.31, 21.36, 21.44
12/28/22, 21.47, 22.26, 20.96, 22.14
12/27/22, 21.67, 22.80, 21.59, 21.65
12/23/22, 22.17, 22.64, 20.78, 20.87
12/22/22, 20.08, 24.30, 20.01, 21.97
12/21/22, 21.25, 21.29, 19.94, 20.07
12/20/22, 23.17, 23.39, 21.35, 21.48
12/19/22, 22.63, 22.86, 21.61, 22.42
12/16/22, 23.26, 23.83, 22.09, 22.62
12/15/22, 21.52, 23.67, 21.25, 22.83
12/14/22, 22.83, 23.47, 21.07, 21.14
12/13/22, 25.24, 25.84, 21.46, 22.55
12/12/22, 24.40, 25.05, 24.18, 25.00
12/09/22, 22.55, 23.21, 22.18, 22.83
12/08/22, 22.81, 23.28, 22.06, 22.29
12/07/22, 22.32, 23.01, 22.18, 22.68
12/06/22, 20.69, 22.60, 20.38, 22.17
12/05/22, 20.30, 21.29, 19.78, 20.75
12/02/22, 20.42, 20.96, 18.95, 19.06
12/01/22, 20.83, 21.06, 19.80, 19.84
11/30/22, 21.70, 22.63, 20.31, 20.58
11/29/22, 22.09, 22.57, 21.83, 21.89
11/28/22, 22.09, 22.50, 21.65, 22.21
11/25/22, 20.61, 21.11, 20.46, 20.50
11/24/22, 21.49, 21.78, 20.32, 20.35
11/23/22, 21.49, 21.78, 20.32, 20.35
11/22/22, 22.59, 22.71, 21.28, 21.29
11/21/22, 24.05, 24.12, 22.30, 22.36
11/18/22, 24.03, 24.12, 22.98, 23.12
11/17/22, 24.05, 25.18, 23.81, 23.93
11/16/22, 24.29, 24.72, 23.99, 24.11
11/15/22, 23.77, 26.22, 23.18, 24.54
11/14/22, 23.99, 24.33, 22.86, 23.73
11/11/22, 23.89, 23.91, 22.37, 22.52
11/10/22, 26.51, 26.59, 22.84, 23.53
11/09/22, 25.34, 26.35, 25.02, 26.09
11/08/22, 24.71, 26.16, 24.24, 25.54
11/07/22, 25.67, 25.67, 24.34, 24.35
11/04/22, 25.63, 25.71, 24.00, 24.55
11/03/22, 25.98, 26.87, 25.10, 25.30
11/02/22, 26.04, 26.62, 25.39, 25.86
11/01/22, 25.96, 26.35, 25.66, 25.81
10/31/22, 26.91, 27.07, 25.84, 25.88
10/28/22, 27.43, 27.59, 25.75, 25.75
10/27/22, 27.51, 27.67, 26.94, 27.39
10/26/22, 28.44, 28.52, 27.27, 27.28
10/25/22, 29.80, 30.00, 28.22, 28.46
10/24/22, 30.65, 30.95, 29.78, 29.85
10/21/22, 30.21, 30.44, 29.24, 29.69
10/20/22, 31.30, 31.32, 29.76, 29.98
10/19/22, 30.94, 31.90, 30.76, 30.76
10/18/22, 31.10, 31.93, 30.42, 30.50
10/17/22, 32.27, 32.59, 30.70, 31.37
10/14/22, 31.89, 32.98, 31.14, 32.02
10/13/22, 33.60, 33.87, 31.63, 31.94
10/12/22, 33.54, 34.53, 33.11, 33.57
10/11/22, 33.56, 34.43, 32.45, 33.63
10/10/22, 32.93, 33.99, 32.05, 32.45
10/07/22, 30.37, 32.02, 29.88, 31.36
10/06/22, 28.60, 30.74, 28.56, 30.52
10/05/22, 29.36, 30.11, 28.50, 28.55
10/04/22, 29.52, 29.62, 28.56, 29.07
10/03/22, 33.00, 33.06, 29.63, 30.10
09/30/22, 31.61, 33.25, 29.39, 31.62
09/29/22, 31.67, 33.46, 31.16, 31.84
09/28/22, 34.50, 34.88, 30.03, 30.18
09/27/22, 31.20, 34.14, 30.30, 32.60
09/26/22, 31.74, 32.88, 29.83, 32.26
09/23/22, 27.68, 32.31, 27.58, 29.92
09/22/22, 28.16, 28.38, 26.71, 27.35
09/21/22, 28.03, 30.18, 25.55, 27.99
09/20/22, 25.65, 27.81, 25.61, 27.16
09/19/22, 27.69, 27.95, 25.56, 25.76
09/16/22, 27.47, 28.45, 26.14, 26.30
09/15/22, 26.10, 26.93, 25.42, 26.27
09/14/22, 26.73, 27.56, 26.16, 26.16
09/13/22, 23.67, 28.15, 23.53, 27.27
09/12/22, 23.58, 24.23, 23.16, 23.87
09/09/22, 23.49, 23.57, 22.64, 22.79
09/08/22, 24.70, 25.90, 23.56, 23.61
09/07/22, 26.93, 27.15, 24.54, 24.64
09/06/22, 25.46, 27.80, 25.33, 26.91
09/02/22, 25.51, 26.28, 23.19, 25.47
09/01/22, 26.88, 27.45, 25.25, 25.56
08/31/22, 25.86, 26.62, 25.31, 25.87
08/30/22, 25.75, 27.69, 25.13, 26.21
08/29/22, 26.86, 27.67, 25.47, 26.21
08/26/22, 22.07, 25.90, 21.67, 25.56
08/25/22, 22.41, 23.13, 21.77, 21.78
08/24/22, 24.37, 24.86, 22.73, 22.82
08/23/22, 24.13, 24.21, 23.07, 24.11
08/22/22, 22.41, 24.62, 22.39, 23.80
08/19/22, 20.16, 21.27, 20.08, 20.60
08/18/22, 20.51, 20.61, 19.43, 19.56
08/17/22, 19.74, 20.63, 19.41, 19.90
08/16/22, 20.23, 20.39, 19.50, 19.69
08/15/22, 20.74, 21.16, 19.81, 19.95
08/12/22, 20.34, 20.35, 19.12, 19.53
08/11/22, 19.84, 20.85, 19.71, 20.20
08/10/22, 22.28, 22.34, 19.54, 19.74
08/09/22, 21.41, 22.23, 21.41, 21.77
08/08/22, 21.74, 22.01, 20.83, 21.29
08/05/22, 21.50, 22.58, 20.76, 21.15
08/04/22, 22.06, 22.66, 21.44, 21.44
08/03/22, 23.86, 23.92, 21.68, 21.95
08/02/22, 24.08, 24.68, 22.67, 23.93
08/01/22, 22.41, 23.27, 22.26, 22.84
07/29/22, 22.13, 22.16, 21.21, 21.33
07/28/22, 23.33, 23.54, 22.22, 22.33
07/27/22, 24.27, 24.41, 23.02, 23.24
07/26/22, 23.95, 25.31, 23.82, 24.69
07/25/22, 24.33, 24.57, 23.19, 23.36
07/22/22, 23.30, 23.81, 22.41, 23.03
07/21/22, 24.07, 24.67, 22.92, 23.11
07/20/22, 24.23, 24.73, 23.40, 23.88
07/19/22, 25.12, 25.41, 24.23, 24.50
07/18/22, 24.83, 25.91, 24.38, 25.30
07/15/22, 26.72, 26.72, 24.13, 24.23
07/14/22, 27.47, 28.45, 26.20, 26.40
07/13/22, 27.35, 29.06, 26.23, 26.82
07/12/22, 27.14, 27.75, 25.82, 27.29
07/11/22, 26.42, 26.74, 25.79, 26.17
07/08/22, 26.41, 26.61, 24.43, 24.64
07/07/22, 26.73, 26.79, 25.66, 26.08
07/06/22, 27.84, 28.07, 26.43, 26.73
07/05/22, 27.37, 29.82, 27.30, 27.54
07/04/22, 29.53, 29.59, 26.69, 26.70
07/01/22, 29.53, 29.59, 26.69, 26.70
06/30/22, 29.42, 30.22, 28.28, 28.71
06/29/22, 28.80, 29.36, 27.85, 28.16
06/28/22, 26.90, 28.68, 26.47, 28.36
06/27/22, 28.30, 28.66, 26.93, 26.95
06/24/22, 29.07, 29.72, 26.83, 27.23
06/23/22, 29.29, 29.77, 28.74, 29.05
06/22/22, 31.45, 31.57, 28.78, 28.95
06/21/22, 30.63, 30.65, 29.33, 30.19
06/20/22, 32.84, 33.31, 30.47, 31.13
06/17/22, 32.84, 33.31, 30.47, 31.13
06/16/22, 30.35, 34.82, 30.35, 32.95
06/15/22, 32.39, 32.77, 27.76, 29.62
06/14/22, 33.01, 34.00, 32.06, 32.69
06/13/22, 31.37, 35.05, 31.29, 34.02
06/10/22, 26.26, 29.63, 26.05, 27.75
06/09/22, 24.29, 26.24, 23.82, 26.09
06/08/22, 24.37, 24.78, 23.74, 23.96
06/07/22, 25.54, 26.24, 23.88, 24.02
06/06/22, 25.37, 25.81, 24.82, 25.07
06/03/22, 24.91, 25.96, 24.76, 24.79
06/02/22, 25.73, 26.50, 24.33, 24.72
06/01/22, 26.05, 27.73, 25.38, 25.69
05/31/22, 27.47, 28.35, 25.94, 26.19
05/30/22, 27.50, 27.54, 25.57, 25.72
05/27/22, 27.50, 27.54, 25.57, 25.72
05/26/22, 28.42, 28.46, 27.11, 27.50
05/25/22, 29.33, 30.23, 28.16, 28.37
05/24/22, 29.43, 31.07, 29.04, 29.45
05/23/22, 28.98, 30.39, 28.29, 28.48
05/20/22, 28.78, 32.91, 28.06, 29.43
05/19/22, 31.24, 33.11, 29.06, 29.35
05/18/22, 26.74, 31.49, 26.21, 30.96
05/17/22, 27.07, 27.17, 25.51, 26.10
05/16/22, 30.01, 30.23, 27.36, 27.47
05/13/22, 31.09, 31.20, 28.78, 28.87
05/12/22, 33.74, 34.76, 31.70, 31.77
05/11/22, 32.87, 34.39, 30.69, 32.56
05/10/22, 33.66, 34.84, 32.24, 32.99
05/09/22, 31.90, 35.48, 31.90, 34.75
05/06/22, 32.23, 35.34, 29.83, 30.19
05/05/22, 25.97, 33.20, 25.78, 31.20
05/04/22, 29.12, 29.42, 24.94, 25.42
05/03/22, 31.76, 32.82, 29.06, 29.25
05/02/22, 33.35, 36.64, 31.74, 32.34
04/29/22, 28.97, 34.34, 28.54, 33.40
04/28/22, 29.91, 32.00, 28.00, 29.99
04/27/22, 31.11, 32.77, 29.82, 31.60
04/26/22, 27.38, 33.81, 27.06, 33.52
04/25/22, 30.04, 31.60, 26.80, 27.02
04/22/22, 22.71, 28.27, 22.62, 28.21
04/21/22, 20.24, 23.28, 19.81, 22.68
04/20/22, 21.13, 21.32, 19.75, 20.32
04/19/22, 22.55, 22.92, 20.36, 21.37
04/18/22, 24.52, 24.60, 21.98, 22.17
04/14/22, 21.72, 22.70, 20.85, 22.70
04/13/22, 23.52, 24.45, 21.37, 21.82
04/12/22, 24.94, 25.38, 22.27, 24.26
04/11/22, 23.09, 24.42, 22.09, 24.37
04/08/22, 21.25, 22.34, 20.28, 21.16
04/07/22, 21.97, 23.82, 21.12, 21.55
04/06/22, 21.27, 24.78, 21.24, 22.10
04/05/22, 18.79, 21.57, 18.55, 21.03
04/04/22, 20.75, 20.78, 18.45, 18.57
04/01/22, 20.62, 20.86, 19.41, 19.63
03/31/22, 19.68, 21.48, 19.54, 20.56
03/30/22, 19.38, 20.51, 18.72, 19.33
03/29/22, 19.70, 19.73, 18.67, 18.90
03/28/22, 22.14, 23.33, 19.54, 19.63
03/25/22, 21.87, 22.86, 20.80, 20.81
03/24/22, 23.61, 23.79, 21.49, 21.67
03/23/22, 23.04, 24.03, 22.64, 23.57
03/22/22, 24.02, 24.02, 22.70, 22.94
03/21/22, 25.14, 25.36, 22.99, 23.53
03/18/22, 26.36, 26.82, 23.85, 23.87
03/17/22, 26.51, 27.47, 25.25, 25.67
03/16/22, 29.02, 29.80, 26.29, 26.67
03/15/22, 33.13, 33.83, 29.57, 29.83
03/14/22, 31.03, 33.18, 30.06, 31.77
03/11/22, 30.43, 31.04, 28.84, 30.75
03/10/22, 33.03, 34.03, 30.23, 30.23
03/09/22, 33.74, 34.12, 31.39, 32.45
03/08/22, 36.19, 37.52, 32.78, 35.13
03/07/22, 35.88, 36.55, 32.59, 36.45
03/04/22, 31.90, 34.65, 31.47, 31.98
03/03/22, 30.52, 32.01, 29.31, 30.48
03/02/22, 34.20, 34.41, 30.12, 30.74
03/01/22, 29.45, 35.19, 29.44, 33.32
02/28/22, 32.44, 33.51, 28.43, 30.15
02/25/22, 31.68, 32.00, 26.93, 27.59
02/24/22, 37.50, 37.79, 29.45, 30.32
02/23/22, 28.04, 31.07, 27.20, 31.02
02/22/22, 31.80, 32.04, 28.40, 28.81
02/18/22, 26.66, 29.71, 26.38, 27.75
02/17/22, 24.83, 28.37, 24.76, 28.11
02/16/22, 25.19, 27.09, 23.88, 24.29
02/15/22, 28.09, 28.09, 25.33, 25.70
02/14/22, 29.17, 32.04, 28.33, 28.33
02/11/22, 24.39, 30.99, 23.33, 27.36
02/10/22, 20.37, 24.77, 20.18, 23.91
02/09/22, 21.27, 21.30, 19.93, 19.96
02/08/22, 23.09, 23.48, 21.32, 21.44
02/07/22, 24.09, 24.82, 22.02, 22.86
02/04/22, 23.77, 26.26, 22.07, 23.22
02/03/22, 22.63, 25.81, 22.30, 24.35
02/02/22, 21.56, 22.73, 20.46, 22.09
02/01/22, 24.57, 25.33, 21.96, 21.96
01/31/22, 28.36, 29.41, 24.71, 24.83
01/28/22, 30.27, 32.82, 27.28, 27.66
01/27/22, 32.19, 33.00, 28.42, 30.49
01/26/22, 29.35, 33.04, 26.90, 31.96
01/25/22, 32.29, 35.85, 29.13, 31.16
01/24/22, 28.20, 38.94, 28.02, 29.90
01/21/22, 25.38, 29.79, 25.31, 28.85
01/20/22, 23.46, 25.89, 21.68, 25.59
01/19/22, 23.12, 23.99, 21.85, 23.85
01/18/22, 21.18, 23.20, 21.18, 22.79
01/17/22, 20.11, 22.07, 19.05, 19.19
01/14/22, 20.11, 22.07, 19.05, 19.19
01/13/22, 18.06, 20.61, 17.45, 20.31
01/12/22, 18.17, 18.69, 17.36, 17.62
01/11/22, 19.62, 21.00, 18.20, 18.41
01/10/22, 19.58, 23.33, 19.29, 19.40
01/07/22, 19.85, 20.80, 18.57, 18.76
01/06/22, 20.29, 21.06, 19.08, 19.61
01/05/22, 17.07, 20.17, 16.58, 19.73
01/04/22, 16.57, 17.81, 16.34, 16.91
01/03/22, 17.60, 18.54, 16.56, 16.60
12/31/21, 17.63, 18.27, 16.99, 17.22
12/30/21, 17.30, 17.79, 16.62, 17.33
12/29/21, 17.63, 18.00, 16.71, 16.95
12/28/21, 17.78, 18.47, 17.51, 17.54
12/27/21, 19.37, 19.41, 17.55, 17.68
12/24/21, 18.81, 18.93, 17.62, 17.96
12/23/21, 18.81, 18.93, 17.62, 17.96
12/22/21, 21.04, 21.36, 18.59, 18.63
12/21/21, 22.28, 22.68, 20.90, 21.01
12/20/21, 25.89, 27.39, 22.85, 22.87
12/17/21, 20.70, 23.26, 20.49, 21.57
12/16/21, 18.56, 22.13, 18.19, 20.57
12/15/21, 21.60, 23.47, 19.02, 19.29
12/14/21, 19.67, 23.00, 19.67, 21.89
12/13/21, 19.29, 21.18, 18.96, 20.31
12/10/21, 21.27, 21.30, 18.69, 18.69
12/09/21, 20.31, 22.12, 19.94, 21.58
12/08/21, 21.74, 23.11, 19.85, 19.90
12/07/21, 24.58, 24.69, 21.58, 21.89
12/06/21, 28.99, 30.82, 26.75, 27.18
12/03/21, 26.95, 35.32, 25.89, 30.67
12/02/21, 29.44, 30.68, 27.15, 27.95
12/01/21, 24.92, 32.61, 22.38, 31.12
11/30/21, 26.23, 28.56, 23.71, 27.19
11/29/21, 25.31, 25.69, 21.71, 22.96
11/26/21, 26.62, 28.99, 23.88, 28.62
11/25/21, 19.17, 20.96, 18.52, 18.58
11/24/21, 19.17, 20.96, 18.52, 18.58
11/23/21, 20.24, 20.91, 19.03, 19.38
11/22/21, 18.20, 19.59, 17.35, 19.17
11/19/21, 17.36, 19.01, 17.23, 17.91
11/18/21, 16.81, 18.15, 16.38, 17.59
11/17/21, 16.36, 17.19, 16.28, 17.11
11/16/21, 16.86, 17.08, 16.03, 16.37
11/15/21, 17.03, 17.46, 16.49, 16.49
11/12/21, 17.49, 17.69, 16.15, 16.29
11/11/21, 18.34, 18.39, 17.27, 17.66
11/10/21, 17.74, 19.90, 17.22, 18.73
11/09/21, 17.43, 18.57, 17.21, 17.78
11/08/21, 17.23, 17.69, 16.44, 17.22
11/05/21, 15.59, 17.02, 14.95, 16.48
11/04/21, 15.06, 16.14, 14.73, 15.44
11/03/21, 16.11, 16.39, 14.90, 15.10
11/02/21, 16.54, 16.65, 15.89, 16.03
11/01/21, 16.85, 17.70, 16.32, 16.41
10/29/21, 17.40, 18.06, 16.13, 16.26
10/28/21, 17.06, 17.16, 16.23, 16.53
10/27/21, 15.79, 17.29, 15.54, 16.98
10/26/21, 15.02, 16.71, 14.90, 15.98
10/25/21, 16.14, 16.33, 15.10, 15.24
10/22/21, 15.35, 16.39, 14.84, 15.43
10/21/21, 16.06, 16.11, 14.92, 15.01
10/20/21, 15.82, 15.89, 15.29, 15.49
10/19/21, 16.09, 16.31, 15.57, 15.70
10/18/21, 17.29, 17.93, 16.27, 16.31
10/15/21, 16.64, 16.85, 15.72, 16.30
10/14/21, 18.01, 18.08, 16.80, 16.86
10/13/21, 20.14, 20.23, 18.44, 18.64
10/12/21, 20.62, 20.81, 18.97, 19.85
10/11/21, 19.93, 20.45, 18.11, 20.00
10/08/21, 19.46, 19.94, 18.20, 18.77
10/07/21, 20.54, 20.76, 19.07, 19.54
10/06/21, 22.95, 24.40, 20.99, 21.00
10/05/21, 22.92, 23.17, 20.62, 21.30
10/04/21, 22.90, 24.58, 21.88, 22.96
10/01/21, 24.78, 24.89, 20.64, 21.15
09/30/21, 21.48, 24.71, 20.60, 23.14
09/29/21, 22.07, 23.79, 21.45, 22.56
09/28/21, 19.74, 24.82, 19.71, 23.25
09/27/21, 17.78, 19.32, 17.74, 18.76
09/24/21, 19.33, 20.41, 17.63, 17.75
09/23/21, 19.91, 20.21, 18.42, 18.63
09/22/21, 22.72, 23.40, 20.75, 20.87
09/21/21, 23.41, 25.60, 21.71, 24.36
09/20/21, 24.25, 28.79, 23.90, 25.71
09/17/21, 18.37, 21.51, 18.35, 20.81
09/16/21, 18.41, 19.76, 17.65, 18.69
09/15/21, 19.30, 20.27, 18.01, 18.18
09/14/21, 19.58, 20.47, 18.39, 19.46
09/13/21, 19.64, 21.18, 18.76, 19.37
09/10/21, 17.94, 21.13, 16.99, 20.95
09/09/21, 19.44, 19.54, 17.17, 18.80
09/08/21, 18.97, 19.64, 17.78, 17.96
09/07/21, 16.94, 18.39, 16.89, 18.14
09/03/21, 16.27, 17.06, 16.08, 16.41
09/02/21, 16.27, 16.98, 15.73, 16.41
09/01/21, 16.06, 16.71, 15.68, 16.11
08/31/21, 15.98, 17.07, 15.91, 16.48
08/30/21, 16.77, 16.80, 15.98, 16.19
08/27/21, 17.95, 18.22, 16.11, 16.39
08/26/21, 17.46, 19.27, 17.16, 18.84
08/25/21, 17.42, 17.50, 16.46, 16.79
08/24/21, 16.96, 17.51, 16.94, 17.22
08/23/21, 18.83, 18.95, 16.95, 17.15
08/20/21, 22.74, 23.90, 18.18, 18.56
08/19/21, 23.12, 24.74, 20.37, 21.67
08/18/21, 17.56, 21.64, 17.31, 21.57
08/17/21, 17.31, 19.56, 16.71, 17.91
08/16/21, 17.05, 17.71, 16.02, 16.12
08/13/21, 15.68, 15.72, 15.19, 15.45
08/12/21, 16.33, 16.42, 15.49, 15.59
08/11/21, 16.81, 17.09, 15.87, 16.06
08/10/21, 16.82, 17.05, 16.34, 16.79
08/09/21, 17.12, 17.39, 16.59, 16.72
08/06/21, 17.46, 17.50, 16.14, 16.15
08/05/21, 17.73, 17.84, 17.23, 17.28
08/04/21, 18.23, 18.90, 17.67, 17.97
08/03/21, 19.17, 20.44, 17.70, 18.04
08/02/21, 18.16, 19.87, 17.99, 19.46
07/30/21, 19.69, 19.72, 17.53, 18.24
07/29/21, 17.91, 18.01, 17.19, 17.70
07/28/21, 19.41, 19.62, 17.52, 18.31
07/27/21, 18.62, 20.44, 18.25, 19.36
07/26/21, 18.67, 19.39, 17.53, 17.58
07/23/21, 16.98, 17.48, 16.33, 17.20
07/22/21, 17.59, 18.45, 17.40, 17.69
07/21/21, 19.73, 19.82, 17.81, 17.91
07/20/21, 20.89, 22.97, 19.37, 19.73
07/19/21, 19.61, 25.09, 19.27, 22.50
07/16/21, 16.80, 18.70, 16.03, 18.45
07/15/21, 16.70, 18.09, 16.56, 17.01
07/14/21, 17.34, 17.51, 15.95, 16.33
07/13/21, 16.39, 17.23, 15.94, 17.12
07/12/21, 16.85, 17.52, 16.14, 16.17
07/09/21, 17.88, 18.13, 16.08, 16.18
07/08/21, 17.74, 21.29, 17.74, 19.00
07/07/21, 16.43, 17.64, 16.08, 16.20
07/06/21, 15.77, 17.94, 15.73, 16.44
07/05/21, 15.53, 15.54, 14.25, 15.07
07/02/21, 15.53, 15.54, 14.25, 15.07
07/01/21, 15.62, 16.01, 15.31, 15.48
06/30/21, 16.18, 17.31, 15.58, 15.83
06/29/21, 15.69, 16.31, 14.10, 16.02
06/28/21, 16.07, 16.46, 15.39, 15.76
06/25/21, 16.04, 16.17, 15.21, 15.62
06/24/21, 15.99, 16.05, 14.19, 15.97
06/23/21, 16.25, 16.84, 14.86, 16.32
06/22/21, 17.91, 18.32, 15.76, 16.66
06/21/21, 21.74, 21.82, 17.81, 17.89
06/18/21, 16.96, 21.04, 16.92, 20.70
06/17/21, 18.49, 19.22, 16.71, 17.75
06/16/21, 16.99, 19.11, 16.42, 18.15
06/15/21, 16.27, 17.35, 16.14, 17.02
06/14/21, 16.04, 17.04, 15.04, 16.39
06/11/21, 16.18, 16.20, 15.15, 15.65
06/10/21, 18.18, 18.29, 16.01, 16.10
06/09/21, 17.18, 17.96, 15.55, 17.89
06/08/21, 16.58, 17.75, 15.15, 17.07
06/07/21, 17.34, 17.35, 15.78, 16.42
06/04/21, 18.09, 18.42, 16.18, 16.42
06/03/21, 17.73, 19.27, 17.45, 18.04
06/02/21, 17.86, 18.31, 16.74, 17.48
06/01/21, 17.24, 18.53, 15.68, 17.90
05/31/21, 16.80, 16.86, 15.90, 16.76
05/28/21, 16.80, 16.86, 15.90, 16.76
05/27/21, 18.03, 18.17, 16.52, 16.74
05/26/21, 18.37, 18.92, 17.35, 17.36
05/25/21, 18.35, 19.29, 16.87, 18.84
05/24/21, 20.50, 20.51, 18.38, 18.40
05/21/21, 20.42, 20.89, 19.53, 20.15
05/20/21, 22.33, 23.50, 20.19, 20.67
05/19/21, 22.46, 25.96, 21.88, 22.18
05/18/21, 18.89, 21.45, 18.81, 21.34
05/17/21, 19.89, 21.58, 19.67, 19.72
05/14/21, 21.77, 22.10, 18.66, 18.81
05/13/21, 26.03, 28.93, 22.23, 23.13
05/12/21, 22.42, 28.38, 21.66, 27.59
05/11/21, 21.17, 23.73, 20.71, 21.84
05/10/21, 17.34, 19.75, 17.07, 19.66
05/07/21, 18.45, 18.57, 16.68, 16.69
05/06/21, 18.41, 20.60, 18.21, 18.39
05/05/21, 18.84, 19.58, 17.89, 19.15
05/04/21, 18.16, 21.85, 18.11, 19.48
05/03/21, 18.65, 19.12, 17.80, 18.31
04/30/21, 17.67, 19.25, 17.64, 18.61
04/29/21, 16.88, 18.87, 16.77, 17.61
04/28/21, 17.47, 17.84, 16.67, 17.28
04/27/21, 17.62, 18.16, 16.97, 17.56
04/26/21, 17.94, 18.17, 16.87, 17.64
04/23/21, 18.56, 18.78, 16.80, 17.33
04/22/21, 17.28, 19.90, 16.99, 18.71
04/21/21, 18.48, 19.29, 16.91, 17.50
04/20/21, 17.36, 19.70, 17.24, 18.68
04/19/21, 17.04, 18.61, 16.78, 17.29
04/16/21, 16.65, 16.88, 16.05, 16.25
04/15/21, 16.78, 16.92, 15.94, 16.57
04/14/21, 16.71, 17.69, 15.38, 16.99
04/13/21, 16.99, 17.86, 16.43, 16.65
04/12/21, 17.43, 17.91, 16.81, 16.91
04/09/21, 17.05, 17.34, 16.20, 16.69
04/08/21, 16.92, 17.36, 16.55, 16.95
04/07/21, 17.99, 18.17, 16.87, 17.16
04/06/21, 18.07, 18.30, 17.37, 18.12
04/05/21, 18.16, 18.40, 17.35, 17.91
04/01/21, 18.60, 18.64, 17.29, 17.33
03/31/21, 19.80, 20.11, 18.85, 19.40
03/30/21, 20.76, 21.75, 19.47, 19.61
03/29/21, 20.40, 21.60, 19.42, 20.74
03/26/21, 19.32, 21.49, 18.68, 18.86
03/25/21, 20.80, 23.55, 19.81, 19.81
03/24/21, 20.64, 21.49, 19.30, 21.20
03/23/21, 19.46, 21.58, 18.80, 20.30
03/22/21, 21.91, 22.29, 18.87, 18.88
03/19/21, 21.43, 23.17, 19.90, 20.95
03/18/21, 18.95, 22.60, 18.95, 21.58
03/17/21, 20.10, 20.95, 19.18, 19.23
03/16/21, 20.14, 20.31, 19.33, 19.79
03/15/21, 21.84, 21.86, 19.87, 20.03
03/12/21, 22.57, 22.99, 20.63, 20.69
03/11/21, 22.50, 22.50, 21.45, 21.91
03/10/21, 23.76, 23.87, 22.38, 22.56
03/09/21, 25.11, 25.25, 22.90, 24.03
03/08/21, 27.61, 28.39, 24.07, 25.47
03/05/21, 29.48, 30.03, 24.33, 24.66
03/04/21, 26.52, 31.90, 24.93, 28.57
03/03/21, 22.80, 26.79, 22.45, 26.67
03/02/21, 23.58, 24.60, 22.80, 24.10
03/01/21, 25.20, 25.39, 23.17, 23.35
02/26/21, 28.73, 30.82, 25.23, 27.95
02/25/21, 21.73, 31.16, 21.52, 28.89
02/24/21, 23.76, 25.04, 21.31, 21.34
02/23/21, 22.82, 27.01, 22.50, 23.11
02/22/21, 24.46, 25.09, 21.96, 23.45
02/19/21, 23.10, 23.19, 20.84, 22.05
02/18/21, 21.98, 24.23, 21.80, 22.49
02/17/21, 22.02, 23.44, 21.09, 21.50
02/16/21, 21.13, 22.46, 20.88, 21.46
02/12/21, 21.60, 22.45, 19.95, 19.97
02/11/21, 22.09, 23.25, 21.11, 21.25
02/10/21, 21.64, 23.85, 19.69, 21.99
02/09/21, 21.57, 22.26, 20.65, 21.63
02/08/21, 21.89, 22.07, 21.23, 21.24
02/05/21, 21.99, 22.16, 20.86, 20.87
02/04/21, 23.44, 23.44, 21.68, 21.77
02/03/21, 24.59, 25.43, 22.91, 22.91
02/02/21, 28.01, 28.08, 25.31, 25.56
02/01/21, 31.45, 33.96, 29.03, 30.24
01/29/21, 35.16, 37.51, 29.24, 33.09
01/28/21, 33.25, 36.29, 27.39, 30.21
01/27/21, 23.82, 37.21, 23.71, 37.21
01/26/21, 23.91, 23.94, 22.55, 23.02
01/25/21, 22.31, 26.63, 22.20, 23.19
01/22/21, 22.24, 23.73, 21.27, 21.91
01/21/21, 21.34, 22.22, 21.09, 21.32
01/20/21, 22.82, 22.86, 21.37, 21.58
01/19/21, 23.03, 23.56, 22.53, 23.24
01/18/21, 23.52, 25.80, 23.08, 24.34
01/15/21, 23.52, 25.80, 23.08, 24.34
01/14/21, 22.22, 23.47, 21.66, 23.25
01/13/21, 23.07, 24.18, 21.92, 22.21
01/12/21, 23.49, 25.15, 22.83, 23.33
01/11/21, 23.31, 24.81, 23.23, 24.08
01/08/21, 22.43, 23.34, 21.42, 21.56
01/07/21, 23.67, 23.91, 22.25, 22.37
01/06/21, 25.48, 26.77, 22.14, 25.07
01/05/21, 26.94, 28.60, 24.80, 25.34
01/04/21, 23.04, 29.19, 22.56, 26.97
12/31/20, 22.99, 23.25, 21.24, 22.75
12/30/20, 22.58, 23.15, 22.41, 22.77
12/29/20, 21.61, 23.72, 20.99, 23.08
12/28/20, 22.11, 22.12, 21.15, 21.70
12/24/20, 22.47, 22.83, 21.39, 21.53
12/23/20, 23.49, 23.68, 22.13, 23.31
12/22/20, 25.24, 25.56, 23.53, 24.23
12/21/20, 24.25, 31.46, 24.23, 25.16
12/18/20, 22.15, 23.77, 21.57, 21.57
12/17/20, 21.98, 22.27, 21.52, 21.93
12/16/20, 22.51, 23.67, 22.29, 22.50
12/15/20, 24.00, 24.07, 22.73, 22.89
12/14/20, 22.67, 24.82, 21.95, 24.72
12/11/20, 22.49, 25.14, 22.48, 23.31
12/10/20, 22.12, 23.46, 21.53, 22.52
12/09/20, 20.66, 22.93, 20.10, 22.27
12/08/20, 21.65, 22.25, 20.52, 20.68
12/07/20, 22.04, 22.62, 21.17, 21.30
12/04/20, 21.05, 21.15, 19.97, 20.79
12/03/20, 21.24, 21.88, 20.72, 21.28
12/02/20, 21.00, 21.25, 20.04, 21.17
12/01/20, 20.21, 20.92, 20.00, 20.77
11/30/20, 22.64, 22.89, 20.48, 20.57
11/27/20, 21.52, 21.60, 19.51, 20.84
11/26/20, 21.65, 22.50, 21.13, 21.25
11/25/20, 21.65, 22.50, 21.13, 21.25
11/24/20, 22.04, 22.48, 20.80, 21.64
11/23/20, 23.66, 23.96, 22.45, 22.66
11/20/20, 23.43, 23.73, 22.13, 23.70
11/19/20, 23.62, 24.52, 22.56, 23.11
11/18/20, 22.86, 23.92, 21.66, 23.84
11/17/20, 22.84, 24.09, 22.34, 22.71
11/16/20, 23.66, 24.08, 22.43, 22.45
11/13/20, 24.94, 25.03, 22.74, 23.10
11/12/20, 24.39, 27.27, 23.53, 25.35
11/11/20, 25.01, 25.12, 22.57, 23.45
11/10/20, 25.36, 26.77, 24.35, 24.80
11/09/20, 24.80, 25.82, 22.41, 25.75
11/06/20, 27.87, 29.44, 24.56, 24.86
11/05/20, 27.56, 28.14, 26.04, 27.58
11/04/20, 36.79, 36.85, 28.03, 29.57
11/03/20, 36.44, 36.44, 34.19, 35.55
11/02/20, 38.57, 38.78, 36.13, 37.13
10/30/20, 40.81, 41.09, 36.50, 38.02
10/29/20, 38.80, 41.16, 35.63, 37.59
10/28/20, 34.69, 40.77, 34.68, 40.28
10/27/20, 32.04, 33.77, 31.85, 33.35
10/26/20, 29.38, 33.68, 29.22, 32.46
10/23/20, 28.47, 28.67, 27.26, 27.55
10/22/20, 30.10, 30.12, 27.68, 28.11
10/21/20, 29.12, 30.55, 28.37, 28.65
10/20/20, 28.81, 29.60, 28.29, 29.35
10/19/20, 27.36, 29.69, 27.04, 29.18
10/16/20, 27.16, 27.46, 26.19, 27.41
10/15/20, 27.10, 29.06, 26.82, 26.97
10/14/20, 25.72, 27.23, 25.53, 26.40
10/13/20, 25.67, 26.93, 25.16, 26.07
10/12/20, 25.65, 25.65, 24.14, 25.07
10/09/20, 26.20, 26.22, 24.03, 25.00
10/08/20, 27.65, 27.99, 24.88, 26.36
10/07/20, 29.26, 29.76, 27.94, 28.06
10/06/20, 28.05, 30.00, 26.01, 29.48
10/05/20, 29.52, 29.69, 27.27, 27.96
10/02/20, 28.87, 29.90, 26.93, 27.63
10/01/20, 25.78, 27.11, 25.33, 26.70
09/30/20, 26.69, 27.12, 25.06, 26.37
09/29/20, 26.81, 27.43, 25.98, 26.27
09/28/20, 27.15, 27.19, 24.90, 26.19
09/25/20, 28.17, 30.43, 26.02, 26.38
09/24/20, 29.54, 30.49, 27.94, 28.51
09/23/20, 27.02, 29.73, 25.19, 28.58
09/22/20, 28.61, 28.78, 26.48, 26.86
09/21/20, 28.04, 31.18, 27.39, 27.78
09/18/20, 26.65, 28.10, 25.28, 25.83
09/17/20, 28.22, 28.92, 26.26, 26.46
09/16/20, 25.31, 26.59, 24.84, 26.04
09/15/20, 25.92, 26.00, 24.92, 25.59
09/14/20, 25.86, 26.79, 25.38, 25.85
09/11/20, 28.63, 29.73, 26.51, 26.87
09/10/20, 28.67, 30.56, 27.59, 29.71
09/09/20, 31.68, 31.78, 28.12, 28.81
09/08/20, 30.61, 35.93, 30.52, 31.46
09/04/20, 34.62, 38.28, 29.50, 30.75
09/03/20, 26.28, 35.94, 25.66, 33.60
09/02/20, 26.01, 27.07, 25.53, 26.57
09/01/20, 25.86, 26.59, 25.02, 26.12
08/31/20, 23.91, 26.50, 21.77, 26.41
08/28/20, 24.59, 26.30, 22.64, 22.96
08/27/20, 23.42, 27.09, 21.44, 24.47
08/26/20, 22.14, 23.27, 20.92, 23.27
08/25/20, 22.16, 23.43, 21.53, 22.03
08/24/20, 22.87, 23.18, 21.25, 22.37
08/21/20, 22.58, 24.47, 22.06, 22.54
08/20/20, 24.10, 24.60, 22.37, 22.72
08/19/20, 21.60, 22.98, 20.99, 22.54
08/18/20, 21.69, 22.55, 21.18, 21.51
08/17/20, 22.52, 22.82, 21.34, 21.35
08/14/20, 22.27, 23.55, 21.79, 22.05
08/13/20, 22.20, 22.92, 21.45, 22.13
08/12/20, 22.82, 22.88, 21.54, 22.28
08/11/20, 21.85, 24.93, 20.28, 24.03
08/10/20, 22.88, 23.52, 21.46, 22.13
08/07/20, 23.45, 24.02, 22.02, 22.21
08/06/20, 23.03, 24.11, 20.97, 22.65
08/05/20, 23.44, 23.61, 22.86, 22.99
08/04/20, 24.01, 24.76, 22.92, 23.76
08/03/20, 25.75, 26.01, 22.17, 24.28
07/31/20, 24.79, 26.41, 23.55, 24.46
07/30/20, 25.04, 28.29, 24.64, 24.76
07/29/20, 25.16, 25.42, 23.73, 24.10
07/28/20, 24.86, 25.85, 24.05, 25.44
07/27/20, 26.60, 26.94, 24.55, 24.74
07/24/20, 27.96, 28.58, 25.53, 25.84
07/23/20, 23.97, 26.95, 23.60, 26.08
07/22/20, 24.56, 26.26, 24.13, 24.32
07/21/20, 24.08, 25.65, 23.61, 24.84
07/20/20, 26.94, 27.08, 24.35, 24.46
07/17/20, 27.15, 27.54, 25.41, 25.68
07/16/20, 28.41, 29.29, 26.98, 28.00
07/15/20, 29.15, 30.09, 27.17, 27.76
07/14/20, 31.14, 33.67, 29.21, 29.52
07/13/20, 27.85, 32.45, 26.87, 32.19
07/10/20, 30.86, 30.91, 27.13, 27.29
07/09/20, 28.18, 31.48, 26.11, 29.26
07/08/20, 28.95, 30.20, 27.24, 28.08
07/07/20, 28.77, 29.63, 27.25, 29.43
07/06/20, 27.76, 28.33, 24.92, 27.94
07/03/20, 28.33, 28.44, 25.90, 27.68
07/02/20, 28.33, 28.44, 25.90, 27.68
07/01/20, 30.96, 31.76, 28.20, 28.62
06/30/20, 32.54, 32.94, 29.56, 30.43
06/29/20, 35.05, 36.31, 31.78, 31.78
06/26/20, 33.01, 36.25, 31.04, 34.73
06/25/20, 36.59, 36.93, 31.59, 32.22
06/24/20, 31.05, 37.12, 30.95, 33.84
06/23/20, 31.71, 31.71, 29.26, 31.37
06/22/20, 35.22, 35.39, 31.64, 31.77
06/19/20, 32.07, 35.12, 30.40, 35.12
06/18/20, 33.83, 36.25, 32.24, 32.94
06/17/20, 33.28, 35.17, 32.25, 33.47
06/16/20, 34.28, 37.45, 31.73, 33.67
06/15/20, 44.09, 44.44, 34.28, 34.40
06/12/20, 37.68, 44.16, 34.97, 36.09
06/11/20, 30.45, 42.58, 29.49, 40.79
06/10/20, 26.73, 29.01, 26.06, 27.57
06/09/20, 25.93, 27.70, 25.71, 27.57
06/08/20, 25.56, 25.98, 24.65, 25.81
06/05/20, 24.79, 25.09, 23.54, 24.52
06/04/20, 26.23, 26.43, 24.38, 25.81
06/03/20, 26.75, 26.98, 25.04, 25.66
06/02/20, 28.40, 28.52, 26.66, 26.84
06/01/20, 28.94, 30.60, 28.11, 28.23
05/29/20, 29.30, 30.16, 27.29, 27.51
05/28/20, 27.82, 29.89, 27.43, 28.59
05/27/20, 27.62, 30.53, 25.92, 27.62
05/26/20, 27.72, 28.58, 27.18, 28.01
05/25/20, 31.36, 31.55, 28.03, 28.16
05/22/20, 31.36, 31.55, 28.03, 28.16
05/21/20, 28.97, 30.20, 27.67, 29.53
05/20/20, 29.52, 29.83, 27.83, 27.99
05/19/20, 28.73, 30.74, 28.37, 30.53
05/18/20, 30.71, 31.08, 28.35, 29.30
05/15/20, 32.50, 35.13, 31.04, 31.89
05/14/20, 35.16, 39.28, 32.33, 32.61
05/13/20, 32.74, 37.42, 30.77, 35.28
05/12/20, 28.47, 33.04, 26.00, 33.04
05/11/20, 28.46, 31.46, 26.97, 27.57
05/08/20, 30.14, 30.39, 27.89, 27.98
05/07/20, 32.12, 32.28, 30.37, 31.44
05/06/20, 32.69, 35.69, 31.68, 34.12
05/05/20, 34.82, 36.22, 31.95, 33.61
05/04/20, 39.13, 40.32, 35.53, 35.97
05/01/20, 38.17, 39.57, 36.59, 37.19
04/30/20, 30.99, 35.94, 30.93, 34.15
04/29/20, 32.48, 33.19, 30.71, 31.23
04/28/20, 33.21, 35.39, 30.54, 33.57
04/27/20, 36.29, 36.44, 32.51, 33.29
04/24/20, 41.91, 42.08, 35.60, 35.93
04/23/20, 41.30, 42.47, 39.06, 41.38
04/22/20, 44.91, 45.07, 41.41, 41.98
04/21/20, 44.28, 47.77, 43.77, 45.41
04/20/20, 40.68, 43.83, 39.88, 43.83
04/17/20, 39.50, 40.26, 37.63, 38.15
04/16/20, 41.92, 43.02, 39.87, 40.11
04/15/20, 39.40, 43.23, 39.34, 40.84
04/14/20, 40.24, 40.57, 37.31, 37.76
04/13/20, 44.60, 45.04, 41.17, 41.17
04/09/20, 43.00, 45.73, 41.39, 41.67
04/08/20, 45.90, 47.28, 42.53, 43.35
04/07/20, 44.83, 47.51, 43.51, 46.70
04/06/20, 44.17, 45.73, 43.45, 45.24
04/03/20, 51.11, 52.29, 46.74, 46.80
04/02/20, 54.46, 57.24, 50.45, 50.91
04/01/20, 57.38, 60.59, 52.76, 57.06
03/31/20, 56.69, 58.75, 50.88, 53.54
03/30/20, 66.30, 67.69, 56.60, 57.08
03/27/20, 64.95, 69.10, 61.80, 65.54
03/26/20, 65.67, 67.06, 57.66, 61.00
03/25/20, 61.44, 68.86, 58.03, 63.95
03/24/20, 58.76, 61.88, 36.24, 61.67
03/23/20, 74.08, 76.74, 60.46, 61.59
03/20/20, 67.86, 69.51, 57.42, 66.04
03/19/20, 80.62, 84.26, 68.57, 72.00
03/18/20, 69.37, 85.47, 69.37, 76.45
03/17/20, 82.69, 84.83, 70.37, 75.91
03/16/20, 57.83, 83.56, 57.83, 82.69
03/13/20, 71.31, 77.57, 55.17, 57.83
03/12/20, 61.46, 76.83, 59.91, 75.47
03/11/20, 52.24, 55.82, 49.98, 53.90
03/10/20, 49.68, 55.66, 43.56, 47.30
03/09/20, 41.94, 62.12, 41.94, 54.46
03/06/20, 41.46, 54.39, 40.84, 41.94
03/05/20, 33.61, 42.84, 33.54, 39.62
03/04/20, 34.44, 35.58, 30.30, 31.99
03/03/20, 33.64, 41.06, 24.93, 36.82
03/02/20, 34.86, 43.77, 31.50, 33.42
02/28/20, 42.02, 49.48, 39.37, 40.11
02/27/20, 28.95, 39.31, 27.79, 39.16
02/26/20, 26.63, 29.57, 24.76, 27.56
02/25/20, 22.19, 30.25, 22.19, 27.85
02/24/20, 22.25, 26.35, 22.00, 25.03
02/21/20, 17.33, 18.21, 16.19, 17.08
02/20/20, 14.54, 17.21, 14.49, 15.56
02/19/20, 14.66, 14.74, 14.21, 14.38
02/18/20, 14.98, 15.49, 14.53, 14.83
02/14/20, 14.12, 14.54, 13.38, 13.68
02/13/20, 14.43, 15.44, 14.00, 14.15
02/12/20, 14.86, 14.88, 13.73, 13.74
02/11/20, 14.91, 15.27, 14.38, 15.18
02/10/20, 15.88, 16.43, 15.01, 15.04
02/07/20, 15.07, 16.16, 14.81, 15.47
02/06/20, 15.13, 15.66, 14.70, 14.96
02/05/20, 16.29, 16.32, 15.02, 15.15
02/04/20, 16.45, 16.46, 15.63, 16.05
02/03/20, 18.64, 18.88, 17.10, 17.97
01/31/20, 16.25, 19.99, 16.18, 18.84
01/30/20, 17.82, 18.39, 15.30, 15.49
01/29/20, 15.68, 16.65, 14.94, 16.39
01/28/20, 16.94, 18.03, 15.69, 16.28
01/27/20, 17.42, 19.02, 16.82, 18.23
01/24/20, 12.75, 15.98, 12.62, 14.56
01/23/20, 13.26, 14.15, 12.94, 12.98
01/22/20, 12.45, 13.01, 12.31, 12.91
01/21/20, 13.23, 13.33, 12.32, 12.85
01/20/20, 12.21, 12.48, 11.75, 12.10
01/17/20, 12.21, 12.48, 11.75, 12.10
01/16/20, 12.20, 12.42, 11.78, 12.32
01/15/20, 12.79, 12.83, 11.95, 12.42
01/14/20, 12.72, 13.82, 12.05, 12.39
01/13/20, 12.84, 13.09, 12.32, 12.32
01/10/20, 12.42, 12.87, 12.09, 12.56
01/09/20, 12.95, 13.24, 12.53, 12.54
01/08/20, 15.16, 15.24, 12.83, 13.45
01/07/20, 13.84, 14.46, 13.39, 13.79
01/06/20, 15.45, 16.39, 13.54, 13.85
01/03/20, 15.01, 16.20, 13.13, 14.02
01/02/20, 13.46, 13.72, 12.42, 12.47
12/31/19, 14.84, 15.39, 13.75, 13.78
12/30/19, 13.74, 15.14, 13.44, 14.82
12/27/19, 12.61, 13.72, 11.89, 13.43
12/26/19, 12.74, 12.75, 11.72, 12.65
12/24/19, 12.65, 12.84, 12.56, 12.67
12/23/19, 12.81, 12.90, 12.41, 12.61
12/20/19, 12.55, 12.61, 12.04, 12.51
12/19/19, 12.55, 12.78, 12.43, 12.50
12/18/19, 12.24, 12.70, 11.93, 12.58
12/17/19, 12.23, 12.47, 11.90, 12.29
12/16/19, 12.47, 12.53, 11.71, 12.14
12/13/19, 13.18, 14.35, 12.54, 12.63
12/12/19, 14.94, 15.55, 13.60, 13.94
12/11/19, 15.57, 15.97, 14.98, 14.99
12/10/19, 15.80, 16.90, 14.93, 15.68
12/09/19, 14.25, 16.07, 12.25, 15.86
12/06/19, 14.37, 14.47, 13.19, 13.62
12/05/19, 14.46, 15.37, 14.17, 14.52
12/04/19, 16.38, 16.40, 14.12, 14.80
12/03/19, 14.68, 17.99, 14.61, 15.96
12/02/19, 12.69, 15.27, 12.55, 14.91
11/29/19, 12.50, 12.83, 12.12, 12.62
11/28/19, 11.55, 11.79, 11.44, 11.75
11/27/19, 11.55, 11.79, 11.44, 11.75
11/26/19, 11.88, 12.04, 11.42, 11.54
11/25/19, 12.51, 12.59, 11.73, 11.87
11/22/19, 12.82, 13.25, 12.33, 12.34
11/21/19, 13.35, 13.86, 12.49, 13.13
11/20/19, 13.42, 14.17, 12.61, 12.78
11/19/19, 12.33, 13.01, 12.16, 12.86
11/18/19, 12.39, 13.10, 12.32, 12.46
11/15/19, 12.95, 12.97, 11.92, 12.05
11/14/19, 13.16, 13.81, 12.93, 13.05
11/13/19, 12.91, 13.90, 12.88, 13.00
11/12/19, 12.64, 13.10, 12.36, 12.68
11/11/19, 13.15, 13.49, 12.66, 12.69
11/08/19, 12.98, 13.05, 12.00, 12.07
11/07/19, 12.59, 12.89, 12.26, 12.73
11/06/19, 13.18, 13.39, 12.60, 12.62
11/05/19, 12.85, 13.28, 12.25, 13.10
11/04/19, 12.68, 13.13, 12.44, 12.83
11/01/19, 12.99, 13.12, 12.25, 12.30
10/31/19, 12.21, 13.95, 12.19, 13.22
10/30/19, 13.23, 13.77, 12.27, 12.33
10/29/19, 13.16, 13.52, 13.07, 13.20
10/28/19, 13.01, 13.14, 12.66, 13.11
10/25/19, 13.53, 13.79, 12.62, 12.65
10/24/19, 13.98, 14.34, 13.40, 13.71
10/23/19, 14.83, 15.12, 14.01, 14.01
10/22/19, 13.99, 14.61, 13.70, 14.46
10/21/19, 14.24, 14.63, 14.00, 14.00
10/18/19, 14.20, 15.16, 13.78, 14.25
10/17/19, 13.79, 14.18, 13.31, 13.79
10/16/19, 13.94, 14.26, 13.60, 13.68
10/15/19, 13.94, 14.43, 13.39, 13.54
10/14/19, 15.66, 16.50, 14.51, 14.57
10/11/19, 17.35, 17.44, 15.11, 15.58
10/10/19, 19.28, 19.80, 17.56, 17.57
10/09/19, 19.94, 20.00, 17.77, 18.64
10/08/19, 17.61, 20.38, 17.42, 20.28
10/07/19, 18.27, 18.52, 16.44, 17.86
10/04/19, 19.42, 19.97, 16.97, 17.04
10/03/19, 20.11, 21.44, 19.03, 19.12
10/02/19, 18.75, 21.46, 18.75, 20.56
10/01/19, 16.02, 18.62, 15.79, 18.56
09/30/19, 17.23, 17.35, 16.20, 16.24
09/27/19, 15.77, 18.69, 15.15, 17.22
09/26/19, 16.23, 17.09, 15.35, 16.07
09/25/19, 17.05, 18.45, 15.69, 15.96
09/24/19, 14.77, 17.62, 14.33, 17.05
09/23/19, 15.35, 16.00, 14.71, 14.91
09/20/19, 13.94, 15.84, 13.35, 15.32
09/19/19, 14.66, 14.66, 13.31, 14.05
09/18/19, 14.61, 15.80, 13.80, 13.95
09/17/19, 14.92, 15.03, 14.40, 14.44
09/16/19, 14.89, 15.29, 14.50, 14.67
09/13/19, 14.16, 14.31, 13.51, 13.74
09/12/19, 14.69, 14.94, 13.85, 14.22
09/11/19, 15.33, 15.52, 14.55, 14.61
09/10/19, 15.53, 16.52, 15.11, 15.20
09/09/19, 15.26, 16.13, 14.95, 15.27
09/06/19, 15.92, 16.06, 14.91, 15.00
09/05/19, 16.92, 17.05, 15.45, 16.27
09/04/19, 18.23, 18.83, 17.26, 17.33
09/03/19, 20.96, 21.15, 19.41, 19.66
08/30/19, 17.94, 19.18, 17.09, 18.98
08/29/19, 19.02, 19.20, 17.60, 17.88
08/28/19, 20.55, 21.64, 19.10, 19.35
08/27/19, 20.18, 21.04, 18.49, 20.31
08/26/19, 20.34, 21.33, 19.06, 19.32
08/23/19, 16.15, 21.07, 16.04, 19.87
08/22/19, 16.12, 17.68, 15.63, 16.68
08/21/19, 17.01, 17.04, 15.51, 15.80
08/20/19, 16.78, 17.70, 16.45, 17.50
08/19/19, 17.93, 18.22, 16.52, 16.88
08/16/19, 20.48, 20.50, 18.41, 18.47
08/15/19, 21.58, 24.10, 20.78, 21.18
08/14/19, 17.81, 22.71, 17.75, 22.10
08/13/19, 21.28, 21.64, 17.52, 17.52
08/12/19, 17.87, 21.26, 17.77, 21.09
08/09/19, 18.14, 19.44, 17.31, 17.97
08/08/19, 19.36, 19.89, 16.82, 16.91
08/07/19, 20.70, 23.67, 18.94, 19.49
08/06/19, 22.29, 22.87, 19.77, 20.17
08/05/19, 19.96, 24.81, 19.91, 24.59
08/02/19, 17.69, 20.11, 17.04, 17.61
08/01/19, 15.41, 19.46, 13.73, 17.87
07/31/19, 13.83, 16.55, 13.46, 16.12
07/30/19, 12.87, 14.18, 12.87, 13.94
07/29/19, 12.15, 13.17, 12.15, 12.83
07/26/19, 12.58, 12.72, 12.01, 12.16
07/25/19, 12.24, 13.54, 11.69, 12.74
07/24/19, 12.80, 13.10, 11.98, 12.07
07/23/19, 13.42, 13.52, 12.55, 12.61
07/22/19, 14.55, 14.70, 13.42, 13.53
07/19/19, 13.31, 14.45, 13.09, 14.45
07/18/19, 14.45, 14.50, 13.19, 13.53
07/17/19, 12.62, 13.97, 12.24, 13.97
07/16/19, 12.61, 13.14, 12.28, 12.86
07/15/19, 12.58, 13.02, 12.49, 12.68
07/12/19, 12.76, 12.82, 12.28, 12.39
07/11/19, 13.01, 13.33, 12.39, 12.93
07/10/19, 14.38, 14.69, 12.98, 13.03
07/09/19, 14.47, 14.71, 13.99, 14.09
07/08/19, 13.73, 14.44, 13.64, 13.96
07/05/19, 13.00, 14.47, 12.04, 13.28
07/04/19, 13.18, 13.19, 12.56, 12.57
07/03/19, 13.18, 13.19, 12.56, 12.57
07/02/19, 14.16, 14.30, 12.90, 12.93
07/01/19, 13.85, 14.64, 13.80, 14.06
06/28/19, 15.70, 16.13, 15.08, 15.08
06/27/19, 15.66, 16.40, 15.66, 15.82
06/26/19, 16.10, 16.60, 15.47, 16.21
06/25/19, 15.43, 16.68, 15.10, 16.28
06/24/19, 15.46, 15.56, 15.23, 15.26
06/21/19, 14.74, 15.48, 14.42, 15.40
06/20/19, 14.04, 16.03, 13.19, 14.75
06/19/19, 15.05, 15.71, 14.15, 14.33
06/18/19, 14.89, 15.54, 14.62, 15.15
06/17/19, 15.65, 15.76, 15.24, 15.35
06/14/19, 16.00, 16.40, 15.21, 15.28
06/13/19, 16.16, 16.21, 15.61, 15.82
06/12/19, 16.26, 16.43, 15.78, 15.91
06/11/19, 15.84, 16.70, 15.50, 15.99
06/10/19, 16.30, 16.47, 15.84, 15.94
06/07/19, 15.65, 16.44, 15.33, 16.30
06/06/19, 16.25, 16.54, 15.36, 15.93
06/05/19, 17.06, 17.49, 16.04, 16.09
06/04/19, 18.74, 18.74, 16.97, 16.97
06/03/19, 19.41, 19.75, 18.16, 18.86
05/31/19, 19.05, 19.72, 18.01, 18.71
05/30/19, 17.47, 18.11, 16.72, 17.30
05/29/19, 18.55, 19.04, 17.62, 17.90
05/28/19, 16.55, 17.70, 15.90, 17.50
05/27/19, 16.34, 16.52, 15.52, 15.85
05/24/19, 16.34, 16.52, 15.52, 15.85
05/23/19, 15.93, 18.05, 15.28, 16.92
05/22/19, 15.06, 15.44, 14.42, 14.75
05/21/19, 15.86, 16.22, 14.79, 14.95
05/20/19, 15.88, 17.63, 15.46, 16.31
05/17/19, 15.89, 16.81, 14.86, 15.96
05/16/19, 16.69, 17.13, 15.16, 15.29
05/15/19, 17.57, 19.15, 16.41, 16.44
05/14/19, 19.40, 19.65, 17.45, 18.06
05/13/19, 18.62, 21.32, 18.35, 20.55
05/10/19, 18.79, 20.19, 15.57, 16.04
05/09/19, 21.40, 23.38, 18.87, 19.10
05/08/19, 18.95, 21.74, 18.29, 19.40
05/07/19, 15.90, 21.84, 15.80, 19.32
05/06/19, 12.89, 18.80, 12.89, 15.44
05/03/19, 14.11, 14.15, 12.80, 12.87
05/02/19, 14.35, 15.92, 13.80, 14.42
05/01/19, 12.86, 14.83, 12.74, 14.80
04/30/19, 13.11, 14.05, 12.88, 13.12
04/29/19, 13.04, 13.27, 12.65, 13.11
04/26/19, 13.44, 13.62, 12.49, 12.73
04/25/19, 13.29, 14.30, 12.81, 13.25
04/24/19, 12.53, 13.23, 12.26, 13.14
04/23/19, 12.66, 12.69, 12.08, 12.28
04/22/19, 13.21, 13.36, 12.38, 12.42
04/19/19, 12.80, 13.12, 12.02, 12.09
04/18/19, 12.80, 13.12, 12.02, 12.09
04/17/19, 12.12, 13.02, 11.03, 12.60
04/16/19, 12.26, 12.47, 11.85, 12.18
04/15/19, 12.46, 13.14, 12.24, 12.32
04/12/19, 12.96, 12.96, 11.95, 12.01
04/11/19, 13.37, 13.58, 12.91, 13.02
04/10/19, 14.09, 14.29, 13.27, 13.30
04/09/19, 13.46, 14.39, 13.31, 14.28
04/08/19, 13.55, 13.77, 13.10, 13.18
04/05/19, 13.46, 13.47, 12.17, 12.82
04/04/19, 13.84, 14.03, 13.40, 13.58
04/03/19, 13.06, 14.27, 12.85, 13.74
04/02/19, 13.62, 13.68, 13.13, 13.36
04/01/19, 13.90, 14.01, 13.32, 13.40
03/29/19, 14.19, 14.43, 13.64, 13.71
03/28/19, 15.38, 15.62, 14.41, 14.43
03/27/19, 14.52, 16.71, 14.51, 15.15
03/26/19, 16.22, 16.30, 14.67, 14.68
03/25/19, 17.76, 17.85, 16.26, 16.33
03/22/19, 13.77, 17.52, 13.62, 16.48
03/21/19, 14.11, 14.56, 13.26, 13.63
03/20/19, 13.54, 14.30, 13.05, 13.91
03/19/19, 12.89, 13.77, 12.37, 13.56
03/18/19, 13.13, 13.80, 13.00, 13.10
03/15/19, 13.21, 13.28, 12.50, 12.88
03/14/19, 13.35, 13.84, 13.16, 13.50
03/13/19, 14.00, 14.05, 13.25, 13.41
03/12/19, 13.97, 14.70, 13.61, 13.77
03/11/19, 16.28, 16.43, 14.33, 14.33
03/08/19, 17.38, 18.33, 16.02, 16.05
03/07/19, 16.33, 17.81, 15.54, 16.59
03/06/19, 14.91, 16.11, 14.74, 15.74
03/05/19, 14.52, 15.39, 14.26, 14.74
03/04/19, 13.77, 16.98, 13.38, 14.63
03/01/19, 14.57, 14.84, 13.41, 13.57
02/28/19, 15.17, 15.24, 14.39, 14.78
02/27/19, 15.53, 16.17, 14.70, 14.70
02/26/19, 15.16, 15.28, 14.52, 15.17
02/25/19, 13.91, 14.90, 13.44, 14.85
02/22/19, 14.46, 14.47, 13.51, 13.51
02/21/19, 14.00, 15.17, 13.85, 14.46
02/20/19, 14.92, 15.19, 13.99, 14.02
02/19/19, 15.65, 16.16, 14.64, 14.88
02/18/19, 16.82, 16.82, 14.79, 14.91
02/15/19, 16.82, 16.82, 14.79, 14.91
02/14/19, 15.61, 17.27, 15.30, 16.22
02/13/19, 15.46, 15.91, 15.00, 15.65
02/12/19, 15.23, 15.65, 14.95, 15.43
02/11/19, 16.17, 16.50, 15.34, 15.97
02/08/19, 16.81, 17.63, 15.62, 15.72
02/07/19, 15.66, 17.89, 15.51, 16.37
02/06/19, 15.44, 15.87, 15.09, 15.38
02/05/19, 15.79, 15.94, 15.04, 15.57
02/04/19, 16.72, 16.73, 15.60, 15.73
02/01/19, 16.63, 16.83, 16.08, 16.14
01/31/19, 17.39, 17.72, 16.54, 16.57
01/30/19, 19.15, 19.31, 17.54, 17.66
01/29/19, 19.45, 19.93, 18.42, 19.13
01/28/19, 18.56, 20.42, 18.42, 18.87
01/25/19, 18.43, 18.46, 17.31, 17.42
01/24/19, 19.69, 20.25, 18.63, 18.89
01/23/19, 20.85, 22.02, 19.47, 19.52
01/22/19, 18.53, 21.15, 18.20, 20.80
01/21/19, 17.80, 18.18, 17.17, 17.80
01/18/19, 17.80, 18.18, 17.17, 17.80
01/17/19, 19.51, 19.72, 17.85, 18.06
01/16/19, 18.08, 19.04, 17.76, 19.04
01/15/19, 18.53, 19.20, 17.98, 18.60
01/14/19, 19.84, 20.27, 18.70, 19.07
01/11/19, 19.68, 20.16, 18.12, 18.19
01/10/19, 20.98, 21.32, 19.29, 19.50
01/09/19, 20.44, 22.80, 19.48, 19.98
01/08/19, 20.96, 22.03, 20.09, 20.47
01/07/19, 22.06, 22.71, 20.91, 21.40
01/04/19, 24.36, 24.48, 21.19, 21.38
01/03/19, 25.68, 26.60, 24.05, 25.45
01/02/19, 27.54, 28.53, 23.05, 23.22
01/01/19, 27.59, 27.64, 25.33, 25.42
12/31/18, 27.59, 27.64, 25.33, 25.42
12/28/18, 29.97, 31.05, 27.43, 28.34
12/27/18, 31.20, 33.80, 29.66, 29.96
12/26/18, 35.50, 36.20, 29.59, 30.41
12/25/18, 29.29, 36.10, 29.16, 36.07
12/24/18, 29.29, 36.10, 29.16, 36.07
12/21/18, 28.24, 31.35, 25.71, 30.11
12/20/18, 26.09, 30.30, 24.68, 28.38
12/19/18, 25.15, 26.64, 22.50, 25.58
12/18/18, 24.68, 26.14, 23.64, 25.58
12/17/18, 22.36, 25.88, 21.97, 24.52
12/14/18, 21.57, 22.47, 20.95, 21.63
12/13/18, 21.00, 21.57, 20.34, 20.65
12/12/18, 21.91, 21.91, 20.50, 21.46
12/11/18, 22.96, 23.60, 21.39, 21.76
12/10/18, 23.95, 25.94, 22.50, 22.64
12/07/18, 22.42, 24.71, 19.90, 23.23
12/06/18, 23.53, 25.94, 20.94, 21.19
12/05/18, 16.84, 21.94, 16.26, 20.74
12/04/18, 16.84, 21.94, 16.26, 20.74
12/03/18, 16.04, 17.28, 15.94, 16.44
11/30/18, 19.18, 19.91, 18.03, 18.07
11/29/18, 18.65, 20.48, 18.59, 18.79
11/28/18, 18.87, 19.38, 18.18, 18.49
11/27/18, 19.41, 19.93, 18.70, 19.02
11/26/18, 20.78, 20.80, 18.67, 18.90
11/23/18, 21.23, 22.65, 20.65, 21.52
11/22/18, 21.66, 22.31, 20.11, 20.80
11/21/18, 21.66, 22.31, 20.11, 20.80
11/20/18, 20.76, 23.81, 20.37, 22.48
11/19/18, 18.78, 20.99, 18.52, 20.10
11/16/18, 20.04, 21.36, 18.10, 18.14
11/15/18, 20.41, 22.97, 19.94, 19.98
11/14/18, 20.52, 22.36, 19.30, 21.25
11/13/18, 19.45, 21.25, 19.11, 20.02
11/12/18, 17.26, 20.71, 17.25, 20.45
11/09/18, 16.87, 18.41, 16.84, 17.36
11/08/18, 16.18, 17.20, 16.09, 16.72
11/07/18, 18.03, 18.05, 16.33, 16.36
11/06/18, 19.84, 20.60, 19.69, 19.91
11/05/18, 20.58, 20.87, 19.64, 19.96
11/02/18, 18.52, 21.61, 18.05, 19.51
11/01/18, 20.96, 21.21, 19.03, 19.34
10/31/18, 22.72, 22.80, 20.39, 21.23
10/30/18, 23.94, 25.55, 23.11, 23.35
10/29/18, 24.48, 27.86, 22.01, 24.70
10/26/18, 24.51, 27.52, 23.33, 24.16
10/25/18, 24.78, 24.78, 22.06, 24.22
10/24/18, 21.60, 26.38, 20.40, 25.23
10/23/18, 22.18, 24.66, 20.18, 20.71
10/22/18, 19.38, 20.89, 18.82, 19.64
10/19/18, 19.24, 21.08, 18.39, 19.89
10/18/18, 18.02, 21.57, 17.51, 20.06
10/17/18, 17.06, 19.55, 17.06, 17.40
10/16/18, 20.28, 20.56, 17.55, 17.62
10/15/18, 21.97, 22.89, 19.47, 21.30
10/12/18, 21.63, 26.80, 20.88, 21.31
10/11/18, 23.07, 28.84, 20.65, 24.98
10/10/18, 16.03, 22.96, 15.83, 22.96
10/09/18, 16.12, 17.49, 15.27, 15.95
10/08/18, 16.05, 18.38, 15.69, 15.69
10/05/18, 14.29, 17.36, 11.72, 14.82
10/04/18, 12.84, 15.84, 12.42, 14.22
10/03/18, 11.66, 12.14, 11.34, 11.61
10/02/18, 12.47, 12.69, 11.61, 12.05
10/01/18, 11.99, 12.40, 11.57, 12.00
09/28/18, 12.59, 13.22, 12.09, 12.12
09/27/18, 12.77, 13.00, 11.94, 12.41
09/26/18, 12.21, 13.13, 11.55, 12.89
09/25/18, 12.28, 12.60, 11.80, 12.42
09/24/18, 12.46, 12.92, 12.18, 12.20
09/21/18, 11.76, 12.03, 11.10, 11.68
09/20/18, 11.82, 11.96, 11.31, 11.80
09/19/18, 12.61, 12.77, 11.66, 11.75
09/18/18, 13.48, 13.48, 12.56, 12.79
09/17/18, 12.72, 13.75, 12.32, 13.68
09/14/18, 12.13, 13.15, 11.93, 12.07
09/13/18, 12.91, 12.91, 12.30, 12.37
09/12/18, 13.07, 13.86, 12.91, 13.14
09/11/18, 13.96, 14.92, 13.21, 13.22
09/10/18, 15.09, 15.20, 13.93, 14.16
09/07/18, 14.72, 15.63, 14.31, 14.88
09/06/18, 14.21, 15.41, 13.72, 14.65
09/05/18, 13.69, 14.30, 13.23, 13.91
09/04/18, 13.13, 14.35, 13.12, 13.16
09/03/18, 13.54, 14.03, 12.82, 12.86
08/31/18, 13.54, 14.03, 12.82, 12.86
08/30/18, 12.25, 13.95, 12.24, 13.53
08/29/18, 12.34, 12.55, 12.09, 12.25
08/28/18, 12.01, 12.50, 11.87, 12.50
08/27/18, 12.37, 12.48, 12.02, 12.16
08/24/18, 12.13, 12.17, 11.83, 11.99
08/23/18, 12.03, 12.68, 11.65, 12.41
08/22/18, 13.09, 13.29, 11.97, 12.25
08/21/18, 12.47, 12.89, 12.09, 12.86
08/20/18, 12.57, 12.79, 12.26, 12.49
08/17/18, 13.18, 13.96, 12.40, 12.64
08/16/18, 14.18, 14.36, 12.82, 13.45
08/15/18, 13.52, 16.86, 13.44, 14.64
08/14/18, 13.93, 14.22, 13.11, 13.31
08/13/18, 14.50, 15.02, 12.95, 14.78
08/10/18, 11.82, 13.82, 11.59, 13.16
08/09/18, 10.94, 11.31, 10.17, 11.27
08/08/18, 10.93, 11.18, 10.52, 10.85
08/07/18, 11.12, 11.24, 10.52, 10.93
08/06/18, 11.91, 12.15, 11.17, 11.27
08/03/18, 12.43, 12.46, 11.07, 11.64
08/02/18, 13.57, 14.53, 12.17, 12.19
08/01/18, 13.09, 13.63, 12.45, 13.15
07/31/18, 13.98, 14.12, 12.81, 12.83
07/30/18, 13.63, 14.46, 12.98, 14.26
07/27/18, 12.17, 14.26, 11.60, 13.03
07/26/18, 12.45, 12.53, 11.78, 12.14
07/25/18, 12.37, 12.82, 11.80, 12.29
07/24/18, 12.61, 13.21, 11.66, 12.41
07/23/18, 13.47, 13.55, 12.58, 12.62
07/20/18, 13.00, 13.58, 12.49, 12.86
07/19/18, 12.20, 13.09, 11.79, 12.87
07/18/18, 11.87, 12.47, 11.44, 12.10
07/17/18, 12.91, 13.18, 11.85, 12.06
07/16/18, 12.46, 12.97, 12.13, 12.83
07/13/18, 12.39, 12.97, 11.62, 12.18
07/12/18, 13.07, 13.33, 12.42, 12.58
07/11/18, 14.05, 14.15, 13.09, 13.63
07/10/18, 12.52, 13.21, 11.93, 12.64
07/09/18, 13.42, 13.45, 12.60, 12.69
07/06/18, 14.99, 15.45, 13.34, 13.37
07/05/18, 15.62, 16.22, 14.47, 14.97
07/04/18, 15.37, 16.45, 14.68, 16.14
07/03/18, 15.37, 16.45, 14.68, 16.14
07/02/18, 17.70, 18.08, 15.54, 15.60
06/29/18, 15.73, 16.51, 14.66, 16.09
06/28/18, 17.54, 18.99, 16.40, 16.85
06/27/18, 16.52, 18.19, 14.76, 17.91
06/26/18, 16.71, 17.54, 15.10, 15.92
06/25/18, 15.07, 19.61, 14.56, 17.33
06/22/18, 14.60, 14.60, 13.11, 13.77
06/21/18, 12.54, 15.18, 12.18, 14.64
06/20/18, 12.90, 13.02, 12.25, 12.79
06/19/18, 14.61, 14.68, 13.21, 13.35
06/18/18, 12.79, 13.74, 12.28, 12.31
06/15/18, 12.19, 13.16, 11.93, 11.98
06/14/18, 12.98, 13.07, 11.88, 12.12
06/13/18, 12.13, 12.95, 11.98, 12.94
06/12/18, 12.29, 12.60, 11.88, 12.34
06/11/18, 12.52, 12.69, 12.14, 12.35
06/08/18, 12.54, 13.31, 12.09, 12.18
06/07/18, 11.66, 13.28, 11.22, 12.13
06/06/18, 12.10, 12.56, 11.62, 11.64
06/05/18, 12.91, 13.34, 12.30, 12.40
06/04/18, 13.91, 13.91, 12.69, 12.74
06/01/18, 14.92, 14.93, 13.37, 13.46
05/31/18, 14.93, 16.29, 14.20, 15.43
05/30/18, 16.60, 16.64, 14.65, 14.94
05/29/18, 14.39, 18.78, 14.39, 17.02
05/28/18, 12.44, 13.52, 12.29, 13.22
05/25/18, 12.44, 13.52, 12.29, 13.22
05/24/18, 12.73, 14.24, 12.53, 12.53
05/23/18, 13.50, 14.60, 12.49, 12.58
05/22/18, 13.03, 13.42, 12.77, 13.22
05/21/18, 13.44, 13.59, 12.78, 13.08
05/18/18, 13.18, 13.87, 13.06, 13.42
05/17/18, 13.54, 13.86, 12.65, 13.43
05/16/18, 14.38, 14.91, 13.21, 13.42
05/15/18, 13.13, 15.01, 12.50, 14.63
05/14/18, 12.95, 13.28, 12.81, 12.93
05/11/18, 13.22, 13.44, 12.65, 12.65
05/10/18, 13.36, 13.63, 12.92, 13.23
05/09/18, 14.54, 14.63, 13.38, 13.42
05/08/18, 14.53, 15.56, 14.52, 14.71
05/07/18, 15.32, 15.52, 14.51, 14.75
05/04/18, 15.94, 16.92, 10.91, 14.77
05/03/18, 15.78, 18.66, 15.43, 15.90
05/02/18, 15.48, 15.97, 14.75, 15.97
05/01/18, 15.78, 16.82, 15.42, 15.49
04/30/18, 15.39, 16.35, 15.13, 15.93
04/27/18, 16.22, 16.77, 15.25, 15.41
04/26/18, 18.07, 18.12, 16.24, 16.24
04/25/18, 18.14, 19.84, 17.75, 17.84
04/24/18, 16.16, 19.66, 15.37, 18.02
04/23/18, 17.29, 17.56, 15.79, 16.34
04/20/18, 16.16, 17.50, 15.19, 16.88
04/19/18, 15.55, 16.92, 15.16, 15.96
04/18/18, 15.30, 16.90, 14.95, 15.60
04/17/18, 16.16, 16.27, 14.57, 15.25
04/16/18, 17.59, 17.66, 16.38, 16.56
04/13/18, 18.27, 18.45, 17.26, 17.41
04/12/18, 19.83, 19.92, 18.16, 18.49
04/11/18, 20.95, 21.66, 19.64, 20.24
04/10/18, 20.51, 21.68, 20.24, 20.47
04/09/18, 21.27, 22.02, 20.34, 21.77
04/06/18, 20.33, 23.12, 18.60, 21.49
04/05/18, 19.76, 20.21, 18.57, 18.94
04/04/18, 21.68, 24.51, 19.86, 20.06
04/03/18, 23.03, 23.38, 20.92, 21.10
04/02/18, 21.07, 25.72, 20.44, 23.62
03/30/18, 22.87, 23.05, 19.60, 19.97
03/29/18, 22.87, 23.05, 19.60, 19.97
03/28/18, 22.52, 24.94, 21.71, 22.87
03/27/18, 20.33, 24.06, 19.84, 22.50
03/26/18, 23.41, 24.54, 20.71, 21.03
03/23/18, 24.02, 26.01, 21.63, 24.87
03/22/18, 18.13, 23.81, 18.12, 23.34
03/21/18, 17.76, 18.37, 16.26, 17.86
03/20/18, 18.38, 19.31, 18.09, 18.20
03/19/18, 16.63, 21.87, 16.56, 19.02
03/16/18, 16.60, 16.72, 15.23, 15.80
03/15/18, 16.99, 17.41, 15.96, 16.59
03/14/18, 16.59, 17.59, 14.94, 17.23
03/13/18, 15.70, 16.98, 15.03, 16.35
03/12/18, 15.28, 16.35, 15.18, 15.78
03/09/18, 16.41, 16.75, 13.31, 14.64
03/08/18, 17.56, 17.68, 14.91, 16.54
03/07/18, 20.11, 20.49, 17.52, 17.76
03/06/18, 18.25, 19.64, 17.68, 18.36
03/05/18, 21.55, 21.57, 17.94, 18.73
03/02/18, 22.47, 26.22, 19.36, 19.59
03/01/18, 19.96, 25.30, 19.57, 22.47
02/28/18, 18.08, 20.44, 15.65, 19.85
02/27/18, 15.83, 18.98, 15.29, 18.59
02/26/18, 16.53, 16.94, 15.80, 15.80
02/23/18, 17.96, 18.80, 16.47, 16.49
02/22/18, 20.57, 20.61, 18.07, 18.72
02/21/18, 20.76, 21.04, 16.97, 20.02
02/20/18, 20.87, 21.34, 19.75, 20.60
02/19/18, 18.74, 20.99, 17.44, 19.46
02/16/18, 18.74, 20.99, 17.44, 19.46
02/15/18, 18.39, 20.66, 17.60, 19.13
02/14/18, 23.48, 25.72, 18.99, 19.26
02/13/18, 26.94, 27.82, 24.47, 24.97
02/12/18, 27.25, 29.70, 24.42, 25.61
02/09/18, 32.18, 41.06, 27.73, 29.06
02/08/18, 27.29, 36.17, 24.41, 33.46
02/07/18, 31.38, 31.64, 21.17, 27.73
02/06/18, 37.32, 50.30, 22.42, 29.98
02/05/18, 18.44, 38.80, 16.80, 37.32
02/02/18, 13.64, 17.86, 13.64, 17.31
02/01/18, 13.05, 14.30, 12.50, 13.47
01/31/18, 14.23, 14.44, 13.41, 13.54
01/30/18, 13.93, 15.42, 13.88, 14.79
01/29/18, 11.71, 13.84, 11.68, 13.84
01/26/18, 11.40, 11.60, 11.08, 11.08
01/25/18, 11.27, 12.01, 11.20, 11.58
01/24/18, 11.00, 12.19, 10.89, 11.47
01/23/18, 10.77, 11.57, 10.76, 11.10
01/22/18, 11.59, 11.62, 10.84, 11.03
01/19/18, 12.30, 12.33, 11.18, 11.27
01/18/18, 12.01, 12.40, 11.62, 12.22
01/17/18, 11.35, 12.81, 11.18, 11.91
01/16/18, 10.42, 12.41, 10.40, 11.66
01/15/18, 9.74, 10.31, 9.54, 10.16
01/12/18, 9.74, 10.31, 9.54, 10.16
01/11/18, 9.69, 10.02, 9.62, 9.88
01/10/18, 10.11, 10.85, 9.82, 9.82
01/09/18, 9.41, 10.09, 9.37, 10.08
01/08/18, 9.61, 9.89, 9.32, 9.52
01/05/18, 9.10, 9.54, 9.00, 9.22
01/04/18, 9.01, 9.31, 8.92, 9.22
01/03/18, 9.56, 9.65, 8.94, 9.15
01/02/18, 10.95, 11.07, 9.52, 9.77
01/01/18, 10.03, 11.06, 9.95, 11.04
12/29/17, 10.03, 11.06, 9.95, 11.04
12/28/17, 10.29, 10.44, 10.07, 10.18
12/27/17, 10.04, 10.79, 9.71, 10.47
12/26/17, 10.19, 10.46, 10.13, 10.25
12/25/17, 9.37, 10.18, 9.35, 9.90
12/22/17, 9.37, 10.18, 9.35, 9.90
12/21/17, 9.59, 9.86, 9.20, 9.62
12/20/17, 9.69, 9.85, 8.90, 9.72
12/19/17, 9.40, 10.15, 9.18, 10.03
12/18/17, 9.46, 9.89, 9.24, 9.53
12/15/17, 10.12, 10.20, 9.22, 9.42
12/14/17, 9.98, 10.54, 9.78, 10.49
12/13/17, 9.78, 10.21, 9.65, 10.18
12/12/17, 9.36, 9.92, 9.21, 9.92
12/11/17, 9.74, 10.08, 9.28, 9.34
12/08/17, 10.00, 10.06, 9.43, 9.58
12/07/17, 10.90, 11.32, 10.12, 10.16
12/06/17, 11.63, 11.68, 10.86, 11.02
12/05/17, 11.38, 11.67, 10.65, 11.33
12/04/17, 11.05, 11.86, 10.26, 11.68
12/01/17, 11.19, 14.58, 10.54, 11.43
11/30/17, 10.49, 12.05, 10.25, 11.28
11/29/17, 9.91, 10.93, 9.81, 10.70
11/28/17, 9.72, 10.31, 9.53, 10.03
11/27/17, 10.07, 10.26, 9.79, 9.87
11/24/17, 9.82, 9.96, 8.56, 9.67
11/23/17, 9.60, 9.88, 9.32, 9.88
11/22/17, 9.60, 9.88, 9.32, 9.88
11/21/17, 10.74, 10.78, 9.67, 9.73
11/20/17, 11.96, 12.08, 10.44, 10.65
11/17/17, 11.75, 12.01, 11.16, 11.43
11/16/17, 12.47, 12.52, 11.38, 11.76
11/15/17, 12.52, 14.51, 12.33, 13.13
11/14/17, 11.53, 12.61, 11.45, 11.59
11/13/17, 11.43, 12.18, 11.00, 11.50
11/10/17, 10.78, 11.58, 10.50, 11.29
11/09/17, 9.94, 12.19, 9.79, 10.50
11/08/17, 9.79, 10.27, 9.50, 9.78
11/07/17, 9.31, 10.31, 9.29, 9.89
11/06/17, 9.63, 9.74, 9.38, 9.40
11/03/17, 9.83, 9.91, 8.99, 9.14
11/02/17, 10.44, 10.89, 9.67, 9.93
11/01/17, 9.79, 10.49, 9.74, 10.20
10/31/17, 10.34, 10.37, 9.90, 10.18
10/30/17, 10.28, 10.89, 10.10, 10.50
10/27/17, 11.12, 11.12, 9.74, 9.80
10/26/17, 11.17, 11.81, 10.60, 11.30
10/25/17, 11.34, 13.20, 10.99, 11.23
10/24/17, 10.89, 11.16, 10.39, 11.16
10/23/17, 10.25, 11.08, 9.94, 11.07
10/20/17, 9.92, 10.04, 9.29, 9.97
10/19/17, 10.22, 11.77, 9.99, 10.05
10/18/17, 10.34, 10.41, 9.87, 10.07
10/17/17, 9.85, 10.46, 9.78, 10.31
10/16/17, 9.95, 10.02, 9.75, 9.91
10/13/17, 9.95, 9.98, 9.44, 9.61
10/12/17, 9.94, 10.33, 9.65, 9.91
10/11/17, 9.95, 10.38, 9.72, 9.85
10/10/17, 10.15, 10.66, 9.94, 10.08
10/09/17, 9.92, 10.53, 9.88, 10.33
10/06/17, 9.23, 10.27, 9.11, 9.65
10/05/17, 9.48, 9.62, 9.13, 9.19
10/04/17, 9.53, 9.88, 9.53, 9.63
10/03/17, 9.30, 9.75, 9.30, 9.51
10/02/17, 9.59, 10.04, 9.37, 9.45
09/29/17, 9.59, 9.83, 9.36, 9.51
09/28/17, 9.74, 10.13, 9.55, 9.55
09/27/17, 9.90, 10.42, 9.63, 9.87
09/26/17, 10.42, 10.68, 9.94, 10.17
09/25/17, 10.08, 11.21, 9.79, 10.21
09/22/17, 9.90, 10.20, 9.50, 9.59
09/21/17, 9.74, 10.21, 9.54, 9.67
09/20/17, 10.04, 10.67, 9.67, 9.78
09/19/17, 10.16, 10.30, 9.85, 10.18
09/18/17, 10.18, 10.42, 9.88, 10.15
09/15/17, 10.51, 10.74, 10.00, 10.17
09/14/17, 10.57, 11.04, 10.28, 10.44
09/13/17, 10.72, 10.86, 10.33, 10.50
09/12/17, 10.66, 10.95, 10.29, 10.58
09/11/17, 11.38, 11.39, 10.51, 10.73
09/08/17, 11.87, 12.60, 11.84, 12.12
09/07/17, 11.93, 12.07, 11.32, 11.55
09/06/17, 12.27, 12.59, 11.35, 11.63
09/05/17, 11.75, 14.06, 11.41, 12.23
09/04/17, 10.33, 10.46, 10.02, 10.13
09/01/17, 10.33, 10.46, 10.02, 10.13
08/31/17, 11.07, 11.22, 10.34, 10.59
08/30/17, 11.40, 11.98, 10.96, 11.22
08/29/17, 13.33, 14.34, 11.48, 11.70
08/28/17, 12.09, 12.11, 11.23, 11.32
08/25/17, 12.20, 12.45, 11.10, 11.28
08/24/17, 12.06, 12.83, 11.55, 12.23
08/23/17, 11.51, 12.59, 11.39, 12.25
08/22/17, 12.60, 12.94, 11.35, 11.35
08/21/17, 14.59, 14.74, 13.07, 13.19
08/18/17, 15.38, 16.04, 13.32, 14.26
08/17/17, 11.81, 15.77, 11.54, 15.55
08/16/17, 11.59, 12.54, 11.25, 11.74
08/15/17, 11.78, 12.37, 11.45, 12.04
08/14/17, 14.05, 14.05, 12.06, 12.33
08/11/17, 16.17, 17.28, 14.50, 15.51
08/10/17, 11.57, 16.17, 11.56, 16.04
08/09/17, 11.49, 12.63, 11.11, 11.11
08/08/17, 10.04, 11.52, 9.52, 10.96
08/07/17, 10.19, 10.32, 9.76, 9.93
08/04/17, 10.48, 10.50, 9.68, 10.03
08/03/17, 10.47, 10.60, 9.90, 10.44
08/02/17, 10.08, 10.81, 9.80, 10.28
08/01/17, 10.19, 10.56, 9.95, 10.09
07/31/17, 10.53, 10.84, 10.23, 10.26
07/28/17, 10.62, 11.30, 10.26, 10.29
07/27/17, 9.33, 11.50, 9.16, 10.11
07/26/17, 9.25, 9.66, 8.84, 9.60
07/25/17, 9.40, 9.52, 9.04, 9.43
07/24/17, 9.94, 9.97, 9.26, 9.43
07/21/17, 9.52, 9.98, 9.30, 9.36
07/20/17, 9.66, 10.28, 9.50, 9.58
07/19/17, 9.69, 9.94, 9.58, 9.79
07/18/17, 9.86, 10.35, 9.66, 9.89
07/17/17, 9.77, 10.03, 9.71, 9.82
07/14/17, 10.09, 10.14, 9.50, 9.51
07/13/17, 10.07, 10.40, 9.90, 9.90
07/12/17, 10.85, 10.85, 10.08, 10.30
07/11/17, 10.79, 12.14, 10.68, 10.89
07/10/17, 11.26, 11.73, 10.61, 11.11
07/07/17, 12.48, 12.57, 10.98, 11.19
07/06/17, 11.20, 13.05, 11.18, 12.54
07/05/17, 11.20, 12.03, 10.79, 11.07
07/04/17, 11.07, 11.45, 10.28, 11.22
07/03/17, 11.07, 11.45, 10.28, 11.22
06/30/17, 11.74, 11.85, 10.40, 11.18
06/29/17, 9.79, 15.16, 9.73, 11.44
06/28/17, 11.17, 11.49, 9.76, 10.03
06/27/17, 10.04, 11.31, 9.80, 11.06
06/26/17, 10.13, 10.44, 9.68, 9.90
06/23/17, 10.25, 10.69, 9.85, 10.02
06/22/17, 10.81, 11.01, 10.24, 10.48
06/21/17, 11.03, 11.40, 10.40, 10.75
06/20/17, 10.28, 11.15, 10.24, 10.86
06/19/17, 10.57, 10.60, 10.01, 10.37
06/16/17, 10.63, 11.35, 10.26, 10.38
06/15/17, 11.06, 12.01, 10.74, 10.90
06/14/17, 10.33, 11.26, 10.01, 10.64
06/13/17, 11.12, 11.14, 10.26, 10.42
06/12/17, 11.19, 12.37, 11.19, 11.46
06/09/17, 9.93, 12.11, 9.37, 10.70
06/08/17, 10.27, 10.53, 9.73, 10.16
06/07/17, 10.48, 10.93, 10.12, 10.39
06/06/17, 10.19, 10.77, 9.86, 10.45
06/05/17, 10.08, 10.28, 9.60, 10.07
06/02/17, 10.08, 10.30, 9.58, 9.75
06/01/17, 10.42, 10.54, 9.69, 9.89
05/31/17, 10.10, 11.30, 9.93, 10.41
05/30/17, 10.61, 10.84, 10.14, 10.38
05/29/17, 9.93, 10.48, 9.65, 9.81
05/26/17, 9.93, 10.48, 9.65, 9.81
05/25/17, 9.82, 10.29, 9.72, 9.99
05/24/17, 10.61, 10.90, 9.88, 10.02
05/23/17, 11.00, 11.00, 10.56, 10.72
05/22/17, 12.29, 12.52, 10.89, 10.93
05/19/17, 14.23, 14.23, 11.72, 12.04
05/18/17, 14.06, 16.30, 14.03, 14.66
05/17/17, 11.89, 15.59, 11.53, 15.59
05/16/17, 10.46, 10.67, 10.18, 10.65
05/15/17, 10.54, 10.88, 10.25, 10.42
05/12/17, 10.72, 10.87, 10.28, 10.40
05/11/17, 10.34, 11.23, 10.32, 10.60
05/10/17, 9.75, 10.24, 9.62, 10.21
05/09/17, 9.87, 10.14, 9.56, 9.96
05/08/17, 10.53, 10.55, 9.67, 9.77
05/05/17, 10.51, 10.98, 9.99, 10.57
05/04/17, 10.71, 11.24, 10.27, 10.46
05/03/17, 10.56, 11.15, 10.40, 10.68
05/02/17, 10.15, 10.59, 10.04, 10.59
05/01/17, 10.92, 11.04, 9.90, 10.11
04/28/17, 10.39, 11.16, 10.29, 10.82
04/27/17, 10.72, 11.08, 10.33, 10.36
04/26/17, 10.61, 10.89, 10.39, 10.85
04/25/17, 10.81, 11.15, 10.22, 10.76
04/24/17, 11.56, 12.01, 10.82, 10.84
04/21/17, 13.85, 15.33, 13.85, 14.63
04/20/17, 14.59, 14.81, 13.83, 14.15
04/19/17, 14.00, 15.15, 13.46, 14.93
04/18/17, 14.50, 15.50, 14.29, 14.42
04/17/17, 16.19, 16.28, 14.60, 14.66
04/14/17, 15.89, 16.22, 14.97, 15.96
04/13/17, 15.89, 16.22, 14.97, 15.96
04/12/17, 15.16, 16.16, 14.84, 15.77
04/11/17, 14.32, 15.88, 14.17, 15.07
04/10/17, 13.24, 14.11, 12.94, 14.05
04/07/17, 13.17, 13.43, 12.23, 12.87
04/06/17, 13.11, 13.22, 11.70, 12.39
04/05/17, 11.89, 12.89, 10.90, 12.89
04/04/17, 12.71, 13.07, 11.70, 11.79
04/03/17, 12.59, 13.59, 12.27, 12.38
03/31/17, 11.61, 12.54, 11.50, 12.37
03/30/17, 11.37, 11.64, 11.12, 11.54
03/29/17, 11.54, 11.70, 11.03, 11.42
03/28/17, 12.44, 12.67, 11.34, 11.53
03/27/17, 14.78, 15.11, 12.48, 12.50
03/24/17, 12.86, 14.16, 12.27, 12.96
03/23/17, 12.65, 13.17, 12.18, 13.12
03/22/17, 12.95, 13.16, 11.99, 12.81
03/21/17, 11.15, 12.85, 10.92, 12.47
03/20/17, 11.71, 11.72, 11.03, 11.34
03/17/17, 11.38, 11.38, 10.78, 11.28
03/16/17, 11.29, 11.55, 11.16, 11.21
03/15/17, 12.12, 12.25, 10.60, 11.63
03/14/17, 11.39, 12.54, 11.28, 12.30
03/13/17, 12.16, 12.23, 11.29, 11.35
03/10/17, 11.97, 12.09, 11.46, 11.66
03/09/17, 11.75, 12.43, 11.62, 12.30
03/08/17, 11.49, 11.86, 11.09, 11.86
03/07/17, 11.27, 11.58, 11.04, 11.45
03/06/17, 11.59, 11.72, 11.06, 11.24
03/03/17, 11.96, 11.97, 10.94, 10.96
03/02/17, 12.43, 12.71, 11.32, 11.81
03/01/17, 12.31, 12.58, 11.78, 12.54
02/28/17, 12.19, 12.96, 12.13, 12.92
02/27/17, 11.78, 12.14, 11.53, 12.09
02/24/17, 11.81, 12.59, 11.34, 11.47
02/23/17, 11.66, 12.46, 11.54, 11.71
02/22/17, 11.48, 12.07, 11.44, 11.74
02/21/17, 12.05, 12.09, 11.50, 11.57
02/20/17, 11.84, 12.26, 11.37, 11.49
02/17/17, 11.84, 12.26, 11.37, 11.49
02/16/17, 12.02, 12.86, 11.69, 11.76
02/15/17, 10.84, 12.01, 10.80, 11.97
02/14/17, 11.17, 11.34, 10.73, 10.74
02/13/17, 11.36, 11.40, 11.07, 11.07
02/10/17, 10.85, 10.95, 10.55, 10.85
02/09/17, 11.44, 11.53, 10.74, 10.88
02/08/17, 11.19, 11.82, 11.15, 11.45
02/07/17, 11.39, 11.67, 11.06, 11.29
02/06/17, 11.37, 11.84, 11.09, 11.37
02/03/17, 11.84, 11.84, 10.72, 10.97
02/02/17, 12.37, 12.47, 11.62, 11.93
02/01/17, 11.79, 12.05, 9.97, 11.81
01/31/17, 12.29, 12.99, 11.79, 11.99
01/30/17, 11.10, 12.90, 11.10, 11.88
01/27/17, 10.57, 10.82, 10.30, 10.58
01/26/17, 10.61, 11.01, 10.60, 10.63
01/25/17, 10.79, 11.05, 10.51, 10.81
01/24/17, 11.82, 11.89, 11.04, 11.07
01/23/17, 12.30, 12.62, 11.59, 11.77
01/20/17, 12.58, 12.59, 11.53, 11.54
01/19/17, 12.58, 13.28, 12.17, 12.78
01/18/17, 11.79, 12.81, 11.69, 12.48
01/17/17, 12.20, 12.75, 11.79, 11.87
01/16/17, 11.45, 11.62, 10.94, 11.23
01/13/17, 11.45, 11.62, 10.94, 11.23
01/12/17, 11.48, 12.60, 11.32, 11.54
01/11/17, 11.56, 12.23, 11.21, 11.26
01/10/17, 11.59, 11.79, 11.31, 11.49
01/09/17, 11.71, 12.08, 11.46, 11.56
01/06/17, 11.70, 11.74, 10.98, 11.32
01/05/17, 11.96, 12.09, 11.40, 11.67
01/04/17, 12.78, 12.80, 11.63, 11.85
01/03/17, 14.07, 14.07, 12.85, 12.85
01/02/17, 13.20, 14.68, 13.05, 14.04
12/30/16, 13.20, 14.68, 13.05, 14.04
12/29/16, 13.15, 13.71, 12.95, 13.37
12/28/16, 11.89, 13.04, 11.85, 12.95
12/27/16, 12.26, 12.33, 11.84, 11.99
12/26/16, 11.38, 11.81, 11.35, 11.44
12/23/16, 11.38, 11.81, 11.35, 11.44
12/22/16, 11.32, 11.67, 11.14, 11.43
12/21/16, 11.44, 11.49, 10.93, 11.27
12/20/16, 11.65, 11.75, 11.38, 11.45
12/19/16, 12.50, 12.52, 11.67, 11.71
12/16/16, 12.88, 12.95, 12.15, 12.20
12/15/16, 13.07, 13.24, 12.46, 12.79
12/14/16, 12.88, 13.39, 12.48, 13.19
12/13/16, 12.46, 13.42, 12.34, 12.72
12/12/16, 12.23, 12.78, 12.07, 12.64
12/09/16, 12.59, 12.72, 11.67, 11.75
12/08/16, 12.10, 13.40, 11.30, 12.64
12/07/16, 11.59, 12.24, 11.33, 12.22
12/06/16, 12.19, 12.30, 11.54, 11.79
12/05/16, 13.75, 13.77, 12.14, 12.14
12/02/16, 14.16, 14.48, 12.39, 14.12
12/01/16, 13.40, 14.72, 13.05, 14.07
11/30/16, 12.60, 13.42, 12.23, 13.33
11/29/16, 13.07, 13.55, 12.62, 12.90
11/28/16, 13.40, 13.50, 12.74, 13.15
11/25/16, 12.52, 12.74, 12.31, 12.34
11/24/16, 12.34, 13.01, 12.19, 12.43
11/23/16, 12.34, 13.01, 12.19, 12.43
11/22/16, 12.26, 12.83, 12.20, 12.41
11/21/16, 13.27, 13.44, 12.16, 12.42
11/18/16, 13.56, 13.74, 12.85, 12.85
11/17/16, 13.37, 13.55, 12.97, 13.35
11/16/16, 13.51, 14.49, 13.51, 13.72
11/15/16, 14.16, 14.65, 13.30, 13.37
11/14/16, 14.69, 15.56, 14.39, 14.48
11/11/16, 14.83, 16.00, 14.15, 14.17
11/10/16, 14.01, 16.30, 13.26, 14.74
11/09/16, 20.70, 21.48, 14.33, 14.38
11/08/16, 18.92, 19.91, 17.70, 18.74
11/07/16, 19.78, 19.86, 18.39, 18.71
11/04/16, 21.86, 23.01, 19.20, 22.51
11/03/16, 19.85, 22.57, 18.84, 22.08
11/02/16, 19.09, 19.82, 18.56, 19.32
11/01/16, 16.54, 20.43, 16.51, 18.56
10/31/16, 16.31, 17.63, 16.25, 17.06
10/28/16, 15.67, 17.35, 14.65, 16.19
10/27/16, 14.37, 15.43, 13.60, 15.36
10/26/16, 13.66, 14.80, 13.66, 14.24
10/25/16, 12.91, 13.86, 12.73, 13.46
10/24/16, 13.19, 13.26, 12.83, 13.02
10/21/16, 14.04, 14.53, 13.27, 13.34
10/20/16, 14.43, 14.72, 13.74, 13.75
10/19/16, 15.45, 15.68, 13.87, 14.41
10/18/16, 15.82, 15.85, 15.03, 15.28
10/17/16, 17.01, 17.11, 16.13, 16.21
10/14/16, 16.49, 16.50, 15.25, 16.12
10/13/16, 16.88, 17.95, 16.14, 16.69
10/12/16, 15.53, 16.34, 15.26, 15.91
10/11/16, 13.71, 16.47, 13.69, 15.36
10/10/16, 14.19, 14.36, 13.29, 13.38
10/07/16, 13.52, 14.15, 12.21, 13.48
10/06/16, 13.11, 13.84, 12.80, 12.84
10/05/16, 13.56, 13.68, 12.70, 12.99
10/04/16, 13.40, 14.57, 12.92, 13.63
10/03/16, 13.75, 14.42, 13.42, 13.57
09/30/16, 14.91, 15.20, 12.53, 13.29
09/29/16, 12.53, 15.69, 12.14, 14.02
09/28/16, 12.90, 13.57, 12.24, 12.39
09/27/16, 13.36, 14.76, 12.97, 13.10
09/26/16, 13.26, 14.63, 13.26, 14.50
09/23/16, 12.00, 12.58, 11.93, 12.29
09/22/16, 13.39, 13.39, 11.76, 12.02
09/21/16, 15.07, 15.65, 12.98, 13.30
09/20/16, 14.98, 16.09, 14.69, 15.92
09/19/16, 15.14, 15.96, 14.60, 15.53
09/16/16, 16.41, 17.10, 15.28, 15.37
09/15/16, 17.97, 18.07, 15.74, 16.30
09/14/16, 17.63, 18.14, 16.34, 18.14
09/13/16, 15.98, 18.97, 15.83, 17.85
09/12/16, 20.13, 20.51, 14.76, 15.16
09/09/16, 12.52, 17.54, 12.52, 17.50
09/08/16, 11.74, 12.60, 11.65, 12.51
09/07/16, 11.89, 12.45, 11.77, 11.94
09/06/16, 12.42, 12.93, 11.85, 12.02
09/05/16, 13.47, 13.90, 11.90, 11.98
09/02/16, 13.47, 13.90, 11.90, 11.98
09/01/16, 13.07, 14.61, 12.99, 13.48
08/31/16, 13.14, 14.34, 12.97, 13.42
08/30/16, 12.94, 13.60, 12.70, 13.12
08/29/16, 14.09, 14.43, 12.90, 12.94
08/26/16, 13.54, 14.93, 12.13, 13.65
08/25/16, 13.62, 14.09, 13.29, 13.63
08/24/16, 12.70, 14.01, 12.30, 13.45
08/23/16, 12.15, 12.44, 11.72, 12.38
08/22/16, 12.53, 13.02, 11.94, 12.27
08/19/16, 11.67, 12.28, 11.33, 11.34
08/18/16, 12.20, 12.53, 11.42, 11.43
08/17/16, 12.57, 13.71, 12.14, 12.19
08/16/16, 12.04, 12.78, 11.87, 12.64
08/15/16, 11.81, 12.17, 11.58, 11.81
08/12/16, 11.61, 12.00, 11.28, 11.55
08/11/16, 11.93, 12.11, 11.38, 11.68
08/10/16, 11.55, 12.50, 11.37, 12.05
08/09/16, 11.40, 11.92, 11.02, 11.66
08/08/16, 11.66, 11.78, 11.41, 11.50
08/05/16, 12.08, 12.26, 11.18, 11.39
08/04/16, 12.73, 12.98, 11.79, 12.42
08/03/16, 13.53, 13.91, 12.73, 12.86
08/02/16, 12.39, 14.24, 12.35, 13.37
08/01/16, 11.89, 12.98, 11.86, 12.44
07/29/16, 12.85, 12.90, 11.77, 11.87
07/28/16, 12.51, 13.52, 12.36, 12.72
07/27/16, 12.61, 13.74, 12.50, 12.83
07/26/16, 12.88, 13.50, 12.80, 13.05
07/25/16, 12.64, 13.72, 12.39, 12.87
07/22/16, 12.80, 12.88, 11.97, 12.02
07/21/16, 11.80, 13.06, 11.69, 12.74
07/20/16, 11.94, 11.97, 11.40, 11.77
07/19/16, 12.53, 12.83, 11.94, 11.97
07/18/16, 12.75, 13.12, 12.33, 12.44
07/15/16, 13.12, 13.22, 12.27, 12.67
07/14/16, 12.50, 13.37, 12.14, 12.82
07/13/16, 13.32, 13.79, 12.92, 13.04
07/12/16, 12.93, 13.93, 12.75, 13.55
07/11/16, 13.25, 13.67, 13.00, 13.54
07/08/16, 14.64, 14.75, 13.19, 13.20
07/07/16, 14.80, 15.98, 14.33, 14.76
07/06/16, 15.87, 17.04, 14.96, 14.96
07/05/16, 16.05, 16.62, 15.49, 15.58
07/04/16, 15.59, 15.86, 14.61, 14.77
07/01/16, 15.59, 15.86, 14.61, 14.77
06/30/16, 16.91, 16.99, 15.29, 15.63
06/29/16, 18.12, 18.27, 16.48, 16.64
06/28/16, 21.76, 22.07, 18.75, 18.75
06/27/16, 24.38, 26.72, 22.93, 23.85
06/24/16, 26.06, 26.24, 19.48, 25.76
06/23/16, 19.54, 19.79, 17.25, 17.25
06/22/16, 18.26, 21.22, 17.83, 21.17
06/21/16, 17.67, 18.96, 16.91, 18.48
06/20/16, 17.42, 18.55, 16.59, 18.37
06/17/16, 19.42, 20.03, 18.71, 19.41
06/16/16, 20.80, 22.89, 19.24, 19.37
06/15/16, 20.25, 20.45, 18.63, 20.14
06/14/16, 21.28, 22.16, 20.27, 20.50
06/13/16, 18.24, 21.01, 17.89, 20.97
06/10/16, 14.89, 17.33, 14.85, 17.03
06/09/16, 14.01, 14.85, 13.99, 14.64
06/08/16, 13.84, 14.27, 13.70, 14.08
06/07/16, 12.77, 14.05, 12.72, 14.05
06/06/16, 13.84, 14.27, 13.42, 13.65
06/03/16, 13.78, 14.66, 12.90, 13.47
06/02/16, 14.42, 14.92, 13.62, 13.63
06/01/16, 14.45, 15.25, 14.18, 14.20
05/31/16, 13.94, 15.00, 13.45, 14.19
05/30/16, 13.49, 13.76, 13.04, 13.12
05/27/16, 13.49, 13.76, 13.04, 13.12
05/26/16, 13.80, 14.11, 13.43, 13.43
05/25/16, 14.19, 14.33, 13.64, 13.90
05/24/16, 16.03, 16.06, 14.36, 14.42
05/23/16, 16.33, 16.47, 15.40, 15.82
05/20/16, 16.13, 16.30, 15.11, 15.20
05/19/16, 16.37, 17.65, 16.28, 16.33
05/18/16, 15.72, 16.47, 14.86, 15.95
05/17/16, 14.57, 16.12, 14.48, 15.57
05/16/16, 15.72, 15.98, 14.28, 14.68
05/13/16, 15.15, 15.47, 13.97, 15.04
05/12/16, 14.55, 15.42, 13.95, 14.41
05/11/16, 13.92, 14.69, 13.29, 14.69
05/10/16, 13.98, 14.35, 13.55, 13.63
05/09/16, 15.20, 15.39, 14.17, 14.57
05/06/16, 16.20, 16.58, 14.71, 14.72
05/05/16, 15.54, 16.45, 15.22, 15.91
05/04/16, 15.47, 16.85, 15.39, 16.05
05/03/16, 14.92, 16.42, 14.91, 15.60
05/02/16, 16.33, 16.50, 14.48, 14.68
04/29/16, 15.21, 17.09, 14.91, 15.70
04/28/16, 14.53, 15.61, 13.30, 15.22
04/27/16, 14.15, 14.95, 13.50, 13.77
04/26/16, 14.01, 14.43, 13.66, 13.96
04/25/16, 14.07, 14.76, 13.86, 14.08
04/22/16, 13.70, 14.19, 13.15, 13.22
04/21/16, 13.20, 14.14, 13.16, 13.95
04/20/16, 13.39, 13.50, 12.50, 13.28
04/19/16, 13.18, 13.88, 12.98, 13.24
04/18/16, 14.36, 14.45, 13.23, 13.35
04/15/16, 14.00, 14.19, 13.58, 13.62
04/14/16, 13.90, 14.12, 13.38, 13.72
04/13/16, 14.49, 14.53, 13.60, 13.84
04/12/16, 15.98, 16.57, 14.84, 14.85
04/11/16, 15.34, 16.26, 14.83, 16.26
04/08/16, 15.34, 15.93, 14.84, 15.36
04/07/16, 15.14, 16.77, 14.68, 16.16
04/06/16, 15.61, 15.98, 14.00, 14.09
04/05/16, 15.39, 15.72, 14.93, 15.42
04/04/16, 13.88, 14.24, 13.66, 14.12
04/01/16, 15.23, 15.28, 13.00, 13.10
03/31/16, 13.73, 14.28, 13.49, 13.95
03/30/16, 13.69, 13.89, 13.06, 13.56
03/29/16, 15.74, 15.89, 13.79, 13.82
03/28/16, 15.65, 16.04, 14.89, 15.24
03/25/16, 16.30, 16.44, 14.71, 14.74
03/24/16, 16.30, 16.44, 14.71, 14.74
03/23/16, 14.57, 15.03, 14.33, 14.94
03/22/16, 14.57, 14.76, 13.75, 14.17
03/21/16, 14.57, 14.73, 13.79, 13.79
03/18/16, 14.05, 14.36, 13.75, 14.02
03/17/16, 15.34, 15.38, 13.82, 14.44
03/16/16, 15.96, 16.33, 14.89, 14.99
03/15/16, 17.60, 17.85, 16.84, 16.84
03/14/16, 17.01, 17.67, 16.69, 16.92
03/11/16, 17.09, 17.27, 16.28, 16.50
03/10/16, 18.17, 19.59, 17.06, 18.05
03/09/16, 18.56, 19.11, 18.31, 18.34
03/08/16, 18.38, 18.89, 17.82, 18.67
03/07/16, 17.98, 18.04, 16.87, 17.35
03/04/16, 16.48, 17.35, 16.05, 16.86
03/03/16, 17.25, 17.56, 16.32, 16.70
03/02/16, 17.98, 18.41, 16.78, 17.09
03/01/16, 19.84, 20.17, 17.66, 17.70
02/29/16, 20.49, 20.81, 18.38, 20.55
02/26/16, 18.89, 20.13, 18.46, 19.81
02/25/16, 20.54, 21.26, 19.10, 19.11
02/24/16, 22.28, 22.87, 20.26, 20.72
02/23/16, 19.75, 21.16, 19.54, 20.98
02/22/16, 20.14, 20.35, 19.02, 19.38
02/19/16, 22.39, 23.44, 20.52, 20.53
02/18/16, 22.16, 22.53, 21.29, 21.64
02/17/16, 23.40, 24.16, 21.83, 22.31
02/16/16, 24.96, 25.52, 23.32, 24.11
02/15/16, 27.16, 27.57, 24.92, 25.40
02/12/16, 27.16, 27.57, 24.92, 25.40
02/11/16, 29.01, 30.90, 26.67, 28.14
02/10/16, 25.75, 26.60, 24.47, 26.29
02/09/16, 28.30, 28.31, 25.99, 26.54
02/08/16, 25.89, 27.72, 25.56, 26.00
02/05/16, 22.09, 24.11, 21.91, 23.38
02/04/16, 22.29, 23.14, 21.24, 21.84
02/03/16, 21.49, 27.70, 21.42, 21.65
02/02/16, 21.34, 22.42, 21.06, 21.98
02/01/16, 21.32, 23.66, 19.61, 19.98
01/29/16, 21.59, 21.74, 19.50, 20.20
01/28/16, 22.15, 23.81, 21.90, 22.42
01/27/16, 22.88, 27.22, 20.42, 23.11
01/26/16, 23.75, 24.02, 22.33, 22.50
01/25/16, 23.30, 24.31, 22.38, 24.15
01/22/16, 24.21, 24.55, 22.22, 22.34
01/21/16, 27.79, 28.43, 25.01, 26.69
01/20/16, 27.78, 32.09, 26.59, 27.59
01/19/16, 25.40, 27.59, 25.21, 26.05
01/18/16, 28.96, 30.95, 26.67, 27.02
01/15/16, 28.96, 30.95, 26.67, 27.02
01/14/16, 24.75, 26.28, 23.07, 23.95
01/13/16, 21.72, 26.11, 21.44, 25.22
01/12/16, 22.97, 23.93, 21.91, 22.47
01/11/16, 25.58, 27.39, 23.83, 24.30
01/08/16, 22.96, 27.08, 22.48, 27.01
01/07/16, 23.22, 25.86, 22.40, 24.99
01/06/16, 21.67, 21.86, 19.80, 20.59
01/05/16, 20.75, 21.06, 19.25, 19.34
01/04/16, 22.48, 23.36, 20.67, 20.70
01/01/16, 17.97, 20.39, 17.51, 18.21
12/31/15, 17.97, 20.39, 17.51, 18.21
12/30/15, 16.50, 17.42, 16.50, 17.29
12/29/15, 15.91, 16.48, 15.63, 16.08
12/28/15, 17.65, 18.13, 16.88, 16.91
12/25/15, 15.44, 15.88, 14.45, 15.74
12/24/15, 15.44, 15.88, 14.45, 15.74
12/23/15, 15.86, 16.25, 15.33, 15.57
12/22/15, 17.61, 18.22, 16.60, 16.60
12/21/15, 19.64, 20.21, 18.70, 18.70
12/18/15, 19.34, 23.30, 18.75, 20.70
12/17/15, 16.18, 19.05, 16.13, 18.94
12/16/15, 19.25, 20.24, 17.12, 17.86
12/15/15, 20.76, 21.62, 20.02, 20.95
12/14/15, 24.70, 26.81, 21.47, 22.73
12/11/15, 21.36, 25.27, 20.88, 24.39
12/10/15, 19.25, 19.72, 18.13, 19.34
12/09/15, 18.05, 20.13, 15.72, 19.61
12/08/15, 17.69, 18.33, 16.52, 17.60
12/07/15, 15.65, 17.18, 15.58, 15.84
12/04/15, 17.43, 17.65, 14.69, 14.81
12/03/15, 15.87, 19.35, 15.86, 18.11
12/02/15, 15.04, 16.49, 14.71, 15.91
12/01/15, 15.61, 16.34, 14.63, 14.67
11/30/15, 15.55, 16.57, 15.52, 16.13
11/27/15, 15.31, 16.09, 15.12, 15.12
11/26/15, 15.55, 15.89, 15.05, 15.19
11/25/15, 15.55, 15.89, 15.05, 15.19
11/24/15, 16.53, 17.21, 15.48, 15.93
11/23/15, 16.15, 16.74, 15.38, 15.62
11/20/15, 16.13, 16.38, 15.47, 15.47
11/19/15, 16.25, 18.26, 16.00, 16.99
11/18/15, 19.01, 19.45, 16.80, 16.85
11/17/15, 17.82, 19.59, 16.86, 18.84
11/16/15, 20.51, 20.55, 17.25, 18.16
11/13/15, 18.68, 20.67, 18.20, 20.08
11/12/15, 17.06, 18.50, 16.65, 18.37
11/11/15, 15.07, 16.15, 15.02, 16.06
11/10/15, 16.69, 16.96, 15.24, 15.29
11/09/15, 15.34, 17.09, 15.14, 16.52
11/06/15, 14.91, 16.00, 14.32, 14.33
11/05/15, 15.39, 16.39, 15.00, 15.05
11/04/15, 14.04, 15.88, 13.96, 15.51
11/03/15, 14.33, 14.73, 13.81, 14.54
11/02/15, 15.41, 15.51, 13.67, 14.15
10/30/15, 14.60, 15.39, 14.00, 15.07
10/29/15, 14.80, 15.46, 14.33, 14.61
10/28/15, 15.14, 15.73, 12.80, 14.33
10/27/15, 15.75, 15.99, 14.78, 15.43
10/26/15, 14.76, 15.43, 14.68, 15.29
10/23/15, 13.46, 15.12, 13.24, 14.46
10/22/15, 15.02, 15.92, 14.45, 14.45
10/21/15, 14.98, 16.70, 14.41, 16.70
10/20/15, 15.17, 16.34, 14.72, 15.75
10/19/15, 15.68, 16.23, 14.82, 14.98
10/16/15, 15.64, 16.86, 15.05, 15.05
10/15/15, 17.62, 17.85, 16.04, 16.05
10/14/15, 17.67, 18.78, 17.30, 18.03
10/13/15, 17.08, 17.70, 16.14, 17.67
10/12/15, 17.68, 17.81, 16.15, 16.17
10/09/15, 17.15, 18.20, 16.89, 17.08
10/08/15, 18.62, 19.02, 16.34, 17.42
10/07/15, 18.96, 19.73, 18.33, 18.40
10/06/15, 19.54, 20.32, 18.82, 19.40
10/05/15, 20.31, 20.42, 19.14, 19.54
10/02/15, 23.99, 24.47, 20.35, 20.94
10/01/15, 23.14, 25.23, 22.55, 22.55
09/30/15, 24.64, 25.88, 23.25, 24.50
09/29/15, 26.57, 28.20, 25.76, 26.83
09/28/15, 25.02, 28.33, 24.94, 27.63
09/25/15, 21.12, 24.29, 20.81, 23.62
09/24/15, 23.53, 25.30, 21.81, 23.47
09/23/15, 22.09, 23.20, 21.14, 22.13
09/22/15, 22.97, 26.29, 22.25, 22.44
09/21/15, 21.97, 22.48, 20.05, 20.14
09/18/15, 23.07, 23.99, 20.98, 22.28
09/17/15, 21.54, 23.33, 17.87, 21.14
09/16/15, 22.57, 22.94, 21.09, 21.35
09/15/15, 23.28, 23.77, 22.13, 22.54
09/14/15, 24.03, 25.32, 23.64, 24.25
09/11/15, 25.38, 25.81, 23.15, 23.20
09/10/15, 26.87, 27.22, 23.53, 24.37
09/09/15, 22.39, 26.82, 21.51, 26.23
09/08/15, 25.05, 26.25, 24.13, 24.90
09/07/15, 27.43, 29.47, 25.68, 27.80
09/04/15, 27.43, 29.47, 25.68, 27.80
09/03/15, 25.21, 26.31, 23.45, 25.61
09/02/15, 29.14, 30.45, 24.77, 26.09
09/01/15, 31.91, 33.82, 29.91, 31.40
08/31/15, 27.03, 29.37, 26.63, 28.43
08/28/15, 26.69, 29.20, 25.77, 26.05
08/27/15, 27.11, 29.90, 24.49, 26.10
08/26/15, 31.13, 35.62, 28.67, 30.32
08/25/15, 31.13, 38.06, 28.08, 36.02
08/24/15, 28.03, 53.29, 28.03, 40.74
08/21/15, 22.55, 28.38, 20.80, 28.03
08/20/15, 16.55, 19.24, 16.13, 19.14
08/19/15, 14.84, 15.96, 13.73, 15.25
08/18/15, 13.41, 13.94, 13.17, 13.79
08/17/15, 14.32, 14.52, 13.01, 13.02
08/14/15, 13.69, 13.87, 12.80, 12.83
08/13/15, 13.87, 14.33, 13.06, 13.49
08/12/15, 15.19, 16.28, 13.45, 13.61
08/11/15, 13.24, 14.33, 13.02, 13.71
08/10/15, 12.73, 12.78, 12.18, 12.23
08/07/15, 13.57, 14.58, 13.29, 13.39
08/06/15, 12.20, 14.25, 12.16, 13.77
08/05/15, 12.02, 12.72, 10.88, 12.51
08/04/15, 12.66, 13.22, 12.29, 13.00
08/03/15, 12.85, 13.55, 12.32, 12.56
07/31/15, 12.03, 12.63, 11.82, 12.12
07/30/15, 12.72, 13.42, 12.09, 12.13
07/29/15, 13.57, 13.59, 11.85, 12.50
07/28/15, 14.87, 15.62, 13.32, 13.44
07/27/15, 15.60, 16.27, 15.03, 15.60
07/24/15, 12.87, 14.73, 12.86, 13.74
07/23/15, 12.06, 13.08, 11.73, 12.64
07/22/15, 12.77, 12.83, 12.05, 12.12
07/21/15, 12.42, 12.79, 12.21, 12.22
07/20/15, 12.25, 12.37, 11.71, 12.25
07/17/15, 11.77, 12.22, 11.77, 11.95
07/16/15, 12.59, 12.61, 11.87, 12.11
07/15/15, 13.35, 13.97, 12.81, 13.23
07/14/15, 13.91, 13.95, 12.90, 13.37
07/13/15, 15.29, 15.36, 13.82, 13.90
07/10/15, 17.45, 18.17, 16.60, 16.83
07/09/15, 17.46, 20.05, 17.20, 19.97
07/08/15, 17.38, 19.76, 16.94, 19.66
07/07/15, 17.22, 19.20, 15.93, 16.09
07/06/15, 18.65, 18.95, 16.57, 17.01
07/03/15, 15.43, 17.48, 15.39, 16.79
07/02/15, 15.43, 17.48, 15.39, 16.79
07/01/15, 16.63, 17.26, 15.65, 16.09
06/30/15, 17.60, 19.80, 17.49, 18.23
06/29/15, 16.70, 19.50, 15.82, 18.85
06/26/15, 14.13, 14.91, 13.64, 14.02
06/25/15, 12.96, 14.16, 12.92, 14.01
06/24/15, 12.57, 13.33, 12.01, 13.26
06/23/15, 12.50, 12.68, 11.93, 12.11
06/22/15, 13.42, 13.46, 12.43, 12.74
06/19/15, 13.35, 14.00, 12.96, 13.96
06/18/15, 14.03, 14.03, 12.54, 13.19
06/17/15, 14.66, 15.49, 14.07, 14.50
06/16/15, 15.62, 15.62, 14.81, 14.81
06/15/15, 15.48, 15.57, 14.91, 15.39
06/12/15, 13.31, 14.02, 13.30, 13.78
06/11/15, 13.04, 13.22, 12.56, 12.85
06/10/15, 14.24, 14.37, 12.96, 13.22
06/09/15, 15.18, 15.74, 14.47, 14.47
06/08/15, 14.84, 15.50, 14.67, 15.29
06/05/15, 15.01, 15.65, 14.21, 14.21
06/04/15, 14.57, 15.49, 13.99, 14.71
06/03/15, 13.73, 14.20, 13.40, 13.66
06/02/15, 14.72, 15.05, 13.59, 14.24
06/01/15, 13.92, 14.86, 13.47, 13.97
05/29/15, 13.59, 14.43, 13.40, 13.84
05/28/15, 13.49, 13.99, 13.31, 13.31
05/27/15, 14.16, 14.41, 13.05, 13.27
05/26/15, 13.45, 14.63, 13.34, 14.06
05/25/15, 12.37, 12.37, 11.82, 12.13
05/22/15, 12.37, 12.37, 11.82, 12.13
05/21/15, 13.03, 13.09, 12.09, 12.11
05/20/15, 12.90, 13.27, 12.62, 12.88
05/19/15, 12.95, 13.13, 12.55, 12.85
05/18/15, 13.08, 13.22, 12.55, 12.73
05/15/15, 12.46, 13.09, 12.35, 12.38
05/14/15, 13.14, 13.29, 12.72, 12.74
05/13/15, 13.63, 14.04, 13.06, 13.76
05/12/15, 14.73, 15.13, 13.73, 13.86
05/11/15, 13.35, 13.85, 13.00, 13.85
05/08/15, 13.36, 13.42, 12.70, 12.86
05/07/15, 15.48, 15.97, 14.81, 15.13
05/06/15, 13.93, 16.36, 13.89, 15.15
05/05/15, 12.85, 14.41, 12.85, 14.31
05/04/15, 13.12, 13.18, 12.10, 12.85
05/01/15, 13.98, 13.98, 12.68, 12.70
04/30/15, 13.89, 15.29, 12.49, 14.55
04/29/15, 13.44, 14.34, 12.61, 13.39
04/28/15, 13.26, 14.23, 12.41, 12.41
04/27/15, 12.34, 13.40, 12.33, 13.12
04/24/15, 12.21, 13.02, 12.16, 12.29
04/23/15, 12.96, 12.96, 12.12, 12.48
04/22/15, 12.97, 13.80, 12.57, 12.71
04/21/15, 12.75, 13.51, 12.66, 13.25
04/20/15, 13.67, 13.67, 12.83, 13.30
04/17/15, 13.97, 15.02, 13.73, 13.89
04/16/15, 13.27, 13.35, 12.50, 12.60
04/15/15, 13.58, 13.58, 12.83, 12.84
04/14/15, 14.34, 14.74, 13.64, 13.67
04/13/15, 13.17, 14.31, 12.71, 13.94
04/10/15, 13.20, 13.26, 12.51, 12.58
04/09/15, 14.14, 14.59, 13.09, 13.09
04/08/15, 14.59, 14.77, 13.75, 13.98
04/07/15, 14.57, 14.81, 14.01, 14.78
04/06/15, 15.75, 15.76, 14.04, 14.74
04/03/15, 15.30, 15.51, 14.27, 14.67
04/02/15, 15.30, 15.51, 14.27, 14.67
04/01/15, 15.32, 16.66, 15.08, 15.11
03/31/15, 14.97, 15.74, 14.33, 15.29
03/30/15, 14.76, 14.76, 14.08, 14.51
03/27/15, 15.73, 15.83, 14.19, 15.07
03/26/15, 16.64, 17.19, 15.23, 15.80
03/25/15, 13.26, 15.55, 13.20, 15.44
03/24/15, 13.36, 13.68, 12.59, 13.62
03/23/15, 13.52, 13.53, 12.89, 13.41
03/20/15, 13.52, 13.53, 12.54, 13.02
03/19/15, 14.68, 14.97, 13.84, 14.07
03/18/15, 14.60, 16.29, 13.38, 13.97
03/17/15, 16.31, 16.37, 15.66, 15.66
03/16/15, 15.78, 15.89, 15.36, 15.61
03/13/15, 15.47, 16.74, 15.32, 16.00
03/12/15, 16.45, 16.45, 15.30, 15.42
03/11/15, 16.44, 17.19, 16.29, 16.87
03/10/15, 16.47, 16.91, 16.03, 16.69
03/09/15, 15.72, 15.76, 14.71, 15.06
03/06/15, 14.61, 15.83, 14.18, 15.20
03/05/15, 14.01, 14.58, 13.88, 14.04
03/04/15, 14.31, 15.33, 14.13, 14.23
03/03/15, 13.35, 14.69, 13.25, 13.86
03/02/15, 13.90, 13.90, 12.87, 13.04
02/27/15, 14.07, 14.17, 13.29, 13.34
02/26/15, 13.55, 14.57, 13.55, 13.91
02/25/15, 13.64, 14.06, 12.86, 13.84
02/24/15, 14.50, 14.63, 13.53, 13.69
02/23/15, 15.05, 15.48, 14.49, 14.56
02/20/15, 15.73, 16.29, 14.27, 14.30
02/19/15, 16.11, 16.22, 15.10, 15.29
02/18/15, 16.74, 16.74, 15.44, 15.45
02/17/15, 15.86, 16.33, 15.53, 15.80
02/16/15, 15.11, 15.64, 14.69, 14.69
02/13/15, 15.11, 15.64, 14.69, 14.69
02/12/15, 16.39, 16.47, 15.28, 15.34
02/11/15, 17.43, 17.81, 16.82, 16.96
02/10/15, 17.72, 18.36, 16.97, 17.23
02/09/15, 19.16, 19.28, 18.21, 18.55
02/06/15, 16.29, 18.74, 16.06, 17.29
02/05/15, 17.29, 17.43, 16.67, 16.85
02/04/15, 17.82, 18.38, 16.82, 18.33
02/03/15, 18.41, 18.89, 17.20, 17.33
02/02/15, 20.89, 22.81, 19.35, 19.43
01/30/15, 20.23, 22.18, 19.24, 20.97
01/29/15, 20.46, 21.56, 18.66, 18.76
01/28/15, 16.97, 20.44, 16.92, 20.44
01/27/15, 17.60, 18.41, 16.67, 17.22
01/26/15, 16.96, 17.43, 15.52, 15.52
01/23/15, 16.79, 17.09, 15.81, 16.66
01/22/15, 17.98, 19.23, 16.07, 16.40
01/21/15, 20.92, 21.28, 18.64, 18.85
01/20/15, 20.07, 21.37, 19.58, 19.89
01/19/15, 22.80, 23.43, 20.95, 20.95
01/16/15, 22.80, 23.43, 20.95, 20.95
01/15/15, 21.23, 23.31, 20.86, 22.39
01/14/15, 22.87, 23.34, 21.32, 21.48
01/13/15, 18.21, 21.58, 17.65, 20.56
01/12/15, 18.02, 20.44, 18.02, 19.60
01/09/15, 16.44, 18.42, 16.44, 17.55
01/08/15, 17.93, 18.09, 16.99, 17.01
01/07/15, 20.15, 20.72, 19.04, 19.31
01/06/15, 20.33, 22.90, 19.52, 21.12
01/05/15, 19.19, 21.29, 19.19, 19.92
01/02/15, 17.76, 20.14, 17.05, 17.79
01/01/15, 15.91, 19.91, 15.86, 19.20
12/31/14, 15.91, 19.91, 15.86, 19.20
12/30/14, 15.90, 16.20, 15.48, 15.92
12/29/14, 16.04, 16.14, 15.06, 15.06
12/26/14, 14.60, 14.84, 14.13, 14.50
12/25/14, 14.52, 14.54, 14.01, 14.37
12/24/14, 14.52, 14.54, 14.01, 14.37
12/23/14, 14.47, 15.21, 14.32, 14.80
12/22/14, 16.32, 16.88, 15.03, 15.25
12/19/14, 16.57, 17.20, 16.11, 16.49
12/18/14, 17.14, 18.51, 16.07, 16.81
12/17/14, 23.90, 24.61, 19.26, 19.44
12/16/14, 23.55, 25.20, 19.60, 23.57
12/15/14, 19.59, 24.83, 17.77, 20.42
12/12/14, 20.51, 23.06, 18.34, 21.08
12/11/14, 17.68, 20.13, 15.94, 20.08
12/10/14, 15.56, 18.92, 15.40, 18.53
12/09/14, 16.23, 16.68, 14.84, 14.89
12/08/14, 13.05, 14.67, 12.55, 14.21
12/05/14, 12.08, 12.28, 11.53, 11.82
12/04/14, 12.70, 13.23, 12.09, 12.38
12/03/14, 12.75, 12.88, 12.21, 12.47
12/02/14, 14.10, 14.17, 12.85, 12.85
12/01/14, 14.16, 14.75, 13.94, 14.29
11/28/14, 12.64, 13.49, 12.36, 13.33
11/27/14, 12.27, 12.40, 11.91, 12.07
11/26/14, 12.27, 12.40, 11.91, 12.07
11/25/14, 12.55, 13.02, 12.23, 12.25
11/24/14, 12.92, 13.02, 12.43, 12.62
11/21/14, 13.16, 13.80, 12.90, 12.90
11/20/14, 14.66, 15.74, 13.58, 13.58
11/19/14, 14.01, 14.78, 13.83, 13.96
11/18/14, 13.86, 13.99, 13.13, 13.86
11/17/14, 14.70, 14.73, 13.84, 13.99
11/14/14, 13.79, 14.15, 13.31, 13.31
11/13/14, 13.33, 14.31, 12.87, 13.79
11/12/14, 13.76, 13.76, 12.99, 13.02
11/11/14, 12.71, 13.18, 12.60, 12.92
11/10/14, 13.16, 13.25, 12.38, 12.67
11/07/14, 13.71, 14.16, 13.01, 13.12
11/06/14, 14.46, 15.08, 13.67, 13.67
11/05/14, 14.15, 14.99, 14.15, 14.17
11/04/14, 15.05, 15.93, 14.83, 14.89
11/03/14, 14.41, 14.99, 14.23, 14.73
10/31/14, 13.84, 14.83, 13.72, 14.03
10/30/14, 15.31, 15.75, 14.07, 14.52
10/29/14, 14.61, 16.28, 14.19, 15.15
10/28/14, 15.69, 15.78, 14.39, 14.39
10/27/14, 17.24, 17.87, 16.00, 16.04
10/24/14, 16.43, 18.06, 16.09, 16.11
10/23/14, 16.07, 17.06, 15.68, 16.53
10/22/14, 16.06, 18.43, 15.56, 17.87
10/21/14, 17.72, 17.75, 16.03, 16.08
10/20/14, 22.11, 22.16, 18.51, 18.57
10/17/14, 21.68, 23.08, 20.23, 21.99
10/16/14, 29.26, 29.41, 24.61, 25.20
10/15/14, 26.36, 31.06, 24.64, 26.25
10/14/14, 23.77, 24.55, 21.48, 22.79
10/13/14, 21.16, 24.64, 20.52, 24.64
10/10/14, 19.11, 22.06, 18.14, 21.24
10/09/14, 15.64, 19.38, 15.34, 18.76
10/08/14, 17.35, 18.03, 14.97, 15.11
10/07/14, 16.18, 17.46, 15.97, 17.20
10/06/14, 14.46, 15.77, 14.05, 15.46
10/03/14, 15.16, 15.43, 14.44, 14.55
10/02/14, 16.70, 17.98, 15.90, 16.16
10/01/14, 16.44, 17.56, 16.08, 16.71
09/30/14, 15.49, 16.43, 15.18, 16.31
09/29/14, 16.96, 17.08, 15.45, 15.98
09/26/14, 15.77, 15.98, 14.31, 14.85
09/25/14, 14.11, 16.69, 14.03, 15.64
09/24/14, 14.62, 14.93, 13.24, 13.27
09/23/14, 14.82, 14.94, 13.83, 14.93
09/22/14, 13.14, 13.98, 13.13, 13.69
09/19/14, 11.73, 12.61, 11.52, 12.11
09/18/14, 12.55, 12.58, 11.98, 12.03
09/17/14, 13.06, 14.53, 11.73, 12.65
09/16/14, 14.48, 14.53, 12.72, 12.73
09/15/14, 13.54, 14.19, 13.54, 14.12
09/12/14, 12.85, 14.27, 12.85, 13.31
09/11/14, 13.53, 13.67, 12.66, 12.80
09/10/14, 13.36, 14.06, 12.86, 12.88
09/09/14, 12.70, 13.91, 12.70, 13.50
09/08/14, 12.64, 13.09, 12.40, 12.66
09/05/14, 12.37, 13.18, 11.96, 12.09
09/04/14, 12.40, 12.99, 11.70, 12.64
09/03/14, 12.03, 12.55, 11.91, 12.36
09/02/14, 12.32, 13.41, 12.23, 12.25
09/01/14, 11.86, 12.44, 11.78, 11.98
08/29/14, 11.86, 12.44, 11.78, 11.98
08/28/14, 12.38, 12.73, 12.05, 12.05
08/27/14, 11.69, 11.93, 11.54, 11.78
08/26/14, 11.33, 11.93, 11.33, 11.63
08/25/14, 11.58, 11.77, 11.24, 11.70
08/22/14, 11.88, 12.48, 11.47, 11.47
08/21/14, 11.93, 13.51, 11.52, 11.76
08/20/14, 12.23, 12.24, 11.60, 11.78
08/19/14, 12.14, 12.46, 11.91, 12.21
08/18/14, 12.85, 12.85, 12.26, 12.32
08/15/14, 11.91, 14.94, 11.89, 13.15
08/14/14, 13.05, 13.13, 12.42, 12.42
08/13/14, 13.57, 13.93, 12.84, 12.90
08/12/14, 14.42, 14.74, 13.76, 14.13
08/11/14, 15.16, 15.16, 13.72, 14.23
08/08/14, 16.43, 17.09, 15.53, 15.77
08/07/14, 15.50, 17.25, 15.44, 16.66
08/06/14, 17.22, 17.30, 15.70, 16.37
08/05/14, 15.54, 17.14, 15.10, 16.87
08/04/14, 16.64, 16.80, 14.69, 15.12
08/01/14, 16.67, 17.57, 15.52, 17.03
07/31/14, 14.35, 17.11, 14.26, 16.95
07/30/14, 12.63, 14.07, 12.53, 13.33
07/29/14, 12.35, 13.35, 12.12, 13.28
07/28/14, 12.93, 13.64, 12.54, 12.56
07/25/14, 12.03, 12.75, 12.03, 12.69
07/24/14, 11.43, 12.06, 11.43, 11.84
07/23/14, 11.54, 12.16, 11.41, 11.52
07/22/14, 11.97, 12.24, 11.69, 12.24
07/21/14, 12.85, 13.62, 12.46, 12.81
07/18/14, 13.34, 13.55, 12.04, 12.06
07/17/14, 11.35, 15.38, 10.85, 14.54
07/16/14, 10.81, 11.45, 10.59, 11.00
07/15/14, 11.53, 12.47, 11.46, 11.96
07/14/14, 11.60, 11.83, 11.40, 11.82
07/11/14, 12.50, 12.68, 12.07, 12.08
07/10/14, 13.22, 13.23, 12.05, 12.59
07/09/14, 11.74, 12.05, 11.50, 11.65
07/08/14, 11.72, 12.51, 11.72, 11.98
07/07/14, 11.15, 11.54, 11.01, 11.33
07/04/14, 10.47, 10.76, 10.28, 10.32
07/03/14, 10.47, 10.76, 10.28, 10.32
07/02/14, 11.18, 11.18, 10.56, 10.82
07/01/14, 11.28, 11.42, 10.92, 11.15
06/30/14, 11.75, 11.81, 11.30, 11.57
06/27/14, 11.72, 12.04, 11.19, 11.26
06/26/14, 11.51, 12.51, 11.50, 11.63
06/25/14, 12.31, 12.33, 11.37, 11.59
06/24/14, 10.98, 12.27, 10.87, 12.13
06/23/14, 11.26, 11.35, 10.92, 10.98
06/20/14, 10.40, 11.02, 10.34, 10.85
06/19/14, 10.53, 10.82, 10.42, 10.62
06/18/14, 11.80, 11.91, 10.57, 10.61
06/17/14, 12.81, 12.89, 12.06, 12.06
06/16/14, 12.65, 12.87, 12.28, 12.65
06/13/14, 12.45, 12.69, 11.89, 12.18
06/12/14, 11.81, 12.81, 11.71, 12.56
06/11/14, 11.42, 11.87, 11.19, 11.60
06/10/14, 11.30, 11.66, 10.93, 10.99
06/09/14, 11.23, 11.51, 10.99, 11.15
06/06/14, 11.32, 11.39, 10.73, 10.73
06/05/14, 12.09, 12.34, 11.44, 11.68
06/04/14, 12.15, 12.33, 11.91, 12.08
06/03/14, 12.03, 12.13, 11.72, 11.87
06/02/14, 11.69, 12.17, 11.29, 11.58
05/30/14, 11.66, 11.70, 11.32, 11.40
05/29/14, 11.58, 11.82, 11.41, 11.57
05/28/14, 11.60, 11.86, 11.50, 11.68
05/27/14, 11.69, 11.84, 11.50, 11.51
05/26/14, 11.96, 11.97, 11.36, 11.36
05/23/14, 11.96, 11.97, 11.36, 11.36
05/22/14, 11.93, 12.09, 11.68, 12.03
05/21/14, 12.38, 12.46, 11.80, 11.91
05/20/14, 12.69, 13.30, 12.32, 12.96
05/19/14, 13.17, 13.21, 12.28, 12.42
05/16/14, 13.31, 13.66, 12.26, 12.44
05/15/14, 12.73, 13.77, 12.72, 13.17
05/14/14, 12.42, 12.51, 12.03, 12.17
05/13/14, 12.36, 12.74, 12.05, 12.13
05/12/14, 12.46, 12.58, 11.88, 12.23
05/09/14, 13.55, 14.03, 12.87, 12.92
05/08/14, 13.69, 13.88, 12.92, 13.43
05/07/14, 13.64, 14.49, 13.39, 13.40
05/06/14, 13.65, 13.90, 13.28, 13.80
05/05/14, 13.95, 14.20, 13.08, 13.29
05/02/14, 13.15, 13.50, 12.83, 12.91
05/01/14, 13.64, 13.75, 13.10, 13.25
04/30/14, 14.05, 14.18, 13.34, 13.41
04/29/14, 13.88, 14.24, 13.61, 13.71
04/28/14, 14.27, 15.28, 13.82, 13.97
04/25/14, 13.93, 14.67, 13.91, 14.06
04/24/14, 13.36, 14.08, 13.09, 13.32
04/23/14, 13.35, 13.75, 13.27, 13.27
04/22/14, 13.13, 13.26, 12.90, 13.19
04/21/14, 14.10, 14.11, 13.17, 13.25
04/18/14, 14.09, 14.17, 13.07, 13.36
04/17/14, 14.09, 14.17, 13.07, 13.36
04/16/14, 14.89, 15.27, 14.05, 14.18
04/15/14, 16.14, 17.50, 15.47, 15.61
04/14/14, 16.14, 17.40, 16.10, 16.11
04/11/14, 16.66, 17.85, 15.89, 17.03
04/10/14, 13.98, 16.38, 13.81, 15.89
04/09/14, 14.58, 14.94, 13.70, 13.82
04/08/14, 15.59, 16.20, 14.81, 14.89
04/07/14, 14.96, 16.01, 14.57, 15.57
04/04/14, 12.88, 14.55, 12.60, 13.96
04/03/14, 13.02, 13.70, 13.02, 13.37
04/02/14, 13.17, 13.35, 12.92, 13.09
04/01/14, 13.43, 13.56, 13.06, 13.10
03/31/14, 13.88, 14.16, 13.57, 13.88
03/28/14, 14.15, 14.86, 13.73, 14.41
03/27/14, 15.00, 15.63, 14.49, 14.62
03/26/14, 13.64, 15.28, 13.46, 14.93
03/25/14, 14.16, 15.05, 13.96, 14.02
03/24/14, 14.70, 16.07, 14.56, 15.09
03/21/14, 13.96, 15.17, 13.77, 15.00
03/20/14, 15.58, 15.62, 14.50, 14.52
03/19/14, 14.56, 15.95, 13.89, 15.12
03/18/14, 15.42, 15.47, 14.16, 14.52
03/17/14, 16.39, 16.40, 15.37, 15.64
03/14/14, 16.74, 18.22, 16.09, 17.82
03/13/14, 14.28, 16.66, 14.24, 16.22
03/12/14, 15.37, 15.64, 14.43, 14.47
03/11/14, 14.22, 14.93, 13.84, 14.80
03/10/14, 14.76, 15.28, 14.20, 14.20
03/07/14, 13.51, 14.43, 13.51, 14.11
03/06/14, 13.82, 14.42, 13.73, 14.21
03/05/14, 14.13, 14.32, 13.81, 13.89
03/04/14, 14.53, 14.54, 14.00, 14.10
03/03/14, 16.47, 16.78, 15.38, 16.00
02/28/14, 14.22, 14.79, 13.49, 14.00
02/27/14, 14.56, 14.69, 13.92, 14.04
02/26/14, 13.83, 14.54, 13.73, 14.35
02/25/14, 14.17, 14.83, 13.66, 13.67
02/24/14, 14.83, 14.83, 13.97, 14.23
02/21/14, 14.74, 14.79, 14.19, 14.68
02/20/14, 15.28, 15.80, 14.59, 14.79
02/19/14, 14.85, 15.73, 14.12, 15.50
02/18/14, 13.95, 14.51, 13.77, 13.87
02/17/14, 14.21, 14.22, 13.44, 13.57
02/14/14, 14.21, 14.22, 13.44, 13.57
02/13/14, 15.24, 15.24, 13.98, 14.14
02/12/14, 14.31, 14.64, 14.02, 14.30
02/11/14, 15.29, 15.29, 14.08, 14.51
02/10/14, 15.63, 15.76, 15.10, 15.26
02/07/14, 16.15, 16.31, 15.09, 15.29
02/06/14, 19.09, 19.09, 17.09, 17.23
02/05/14, 19.59, 20.72, 19.13, 19.95
02/04/14, 19.99, 20.07, 18.44, 19.11
02/03/14, 18.57, 21.48, 18.34, 21.44
01/31/14, 18.71, 18.99, 17.27, 18.41
01/30/14, 16.37, 17.39, 15.96, 17.29
01/29/14, 17.95, 18.04, 16.71, 17.35
01/28/14, 17.27, 17.28, 15.80, 15.80
01/27/14, 17.29, 18.99, 16.85, 17.42
01/24/14, 14.95, 18.14, 14.92, 18.14
01/23/14, 13.67, 14.66, 13.67, 13.77
01/22/14, 12.57, 13.12, 12.55, 12.84
01/21/14, 12.63, 13.42, 12.61, 12.87
01/20/14, 12.34, 12.93, 12.04, 12.44
01/17/14, 12.34, 12.93, 12.04, 12.44
01/16/14, 12.32, 12.66, 12.28, 12.53
01/15/14, 12.15, 12.40, 11.81, 12.28
01/14/14, 12.89, 12.90, 11.96, 12.28
01/13/14, 12.18, 13.65, 11.82, 13.28
01/10/14, 12.60, 12.90, 12.14, 12.14
01/09/14, 12.83, 13.26, 12.83, 12.89
01/08/14, 13.04, 13.24, 12.86, 12.87
01/07/14, 12.38, 13.28, 12.16, 12.92
01/06/14, 13.41, 14.00, 13.22, 13.55
01/03/14, 14.06, 14.22, 13.57, 13.76
01/02/14, 14.32, 14.59, 14.00, 14.23
01/01/14, 13.43, 14.35, 13.38, 13.72
12/31/13, 13.43, 14.35, 13.38, 13.72
12/30/13, 12.87, 13.58, 12.83, 13.56
12/27/13, 12.21, 12.59, 12.20, 12.46
12/26/13, 12.48, 12.50, 11.69, 12.33
12/25/13, 12.85, 12.89, 12.48, 12.48
12/24/13, 12.85, 12.89, 12.48, 12.48
12/23/13, 13.37, 13.53, 13.02, 13.04
12/20/13, 13.61, 13.87, 13.12, 13.79
12/19/13, 13.59, 14.21, 12.89, 14.15
12/18/13, 15.95, 16.75, 13.74, 13.80
12/17/13, 16.04, 16.67, 15.81, 16.21
12/16/13, 15.64, 16.08, 15.30, 16.03
12/13/13, 15.17, 15.80, 15.06, 15.76
12/12/13, 15.44, 16.09, 15.21, 15.54
12/11/13, 13.98, 15.43, 13.98, 15.42
12/10/13, 14.14, 14.22, 13.69, 13.91
12/09/13, 13.97, 14.07, 13.49, 13.49
12/06/13, 13.97, 14.09, 13.62, 13.79
12/05/13, 14.82, 15.38, 14.70, 15.08
12/04/13, 15.03, 15.71, 14.22, 14.70
12/03/13, 14.74, 15.04, 14.43, 14.55
12/02/13, 13.91, 14.31, 13.78, 14.23
11/29/13, 13.06, 13.78, 12.93, 13.70
11/28/13, 12.81, 12.98, 12.44, 12.98
11/27/13, 12.81, 12.98, 12.44, 12.98
11/26/13, 12.84, 12.99, 12.49, 12.81
11/25/13, 12.55, 12.92, 12.49, 12.79
11/22/13, 12.69, 12.91, 12.24, 12.26
11/21/13, 13.09, 13.09, 12.44, 12.66
11/20/13, 13.56, 13.94, 12.97, 13.40
11/19/13, 13.03, 13.68, 12.88, 13.39
11/18/13, 12.41, 13.22, 12.41, 13.10
11/15/13, 12.12, 12.45, 11.99, 12.19
11/14/13, 12.80, 12.94, 12.28, 12.37
11/13/13, 13.35, 13.35, 12.46, 12.52
11/12/13, 12.80, 13.06, 12.63, 12.82
11/11/13, 12.85, 12.93, 12.40, 12.53
11/08/13, 13.76, 13.80, 12.84, 12.90
11/07/13, 12.99, 14.14, 12.93, 13.91
11/06/13, 13.01, 13.33, 12.67, 12.67
11/05/13, 13.22, 13.64, 12.86, 13.27
11/04/13, 13.35, 13.67, 12.91, 12.93
11/01/13, 13.46, 13.92, 13.22, 13.28
10/31/13, 13.83, 14.02, 13.28, 13.75
10/30/13, 13.72, 14.45, 13.64, 13.65
10/29/13, 13.25, 13.63, 13.06, 13.41
10/28/13, 13.62, 13.72, 13.22, 13.31
10/25/13, 13.16, 13.44, 13.08, 13.09
10/24/13, 13.50, 13.62, 13.15, 13.20
10/23/13, 13.71, 14.21, 13.42, 13.42
10/22/13, 12.99, 13.92, 12.93, 13.33
10/21/13, 13.34, 13.63, 13.07, 13.16
10/18/13, 12.86, 13.53, 12.34, 13.04
10/17/13, 14.52, 14.59, 12.89, 13.48
10/16/13, 17.14, 17.15, 14.67, 14.71
10/15/13, 16.41, 18.67, 16.16, 18.66
10/14/13, 17.08, 17.74, 15.80, 16.07
10/11/13, 16.31, 16.38, 15.46, 15.72
10/10/13, 17.66, 17.92, 16.29, 16.48
10/09/13, 20.19, 21.34, 19.04, 19.60
10/08/13, 19.01, 21.01, 18.98, 20.34
10/07/13, 18.76, 19.41, 18.08, 19.41
10/04/13, 17.72, 17.87, 16.66, 16.74
10/03/13, 16.63, 18.71, 16.63, 17.67
10/02/13, 16.40, 16.81, 16.13, 16.60
10/01/13, 16.31, 16.46, 15.47, 15.54
09/30/13, 17.49, 17.49, 16.16, 16.60
09/27/13, 14.62, 15.79, 14.62, 15.46
09/26/13, 13.80, 14.40, 13.58, 14.06
09/25/13, 14.24, 14.62, 13.89, 14.01
09/24/13, 14.17, 14.37, 13.75, 14.08
09/23/13, 14.04, 14.71, 14.02, 14.31
09/20/13, 13.30, 13.47, 12.52, 13.12
09/19/13, 13.02, 13.39, 13.02, 13.16
09/18/13, 14.68, 14.68, 13.23, 13.59
09/17/13, 14.44, 14.61, 14.28, 14.53
09/16/13, 14.10, 14.49, 13.87, 14.38
09/13/13, 14.27, 14.55, 14.11, 14.16
09/12/13, 13.93, 14.39, 13.73, 14.29
09/11/13, 14.74, 14.74, 13.82, 13.82
09/10/13, 14.89, 15.09, 14.50, 14.53
09/09/13, 15.86, 16.02, 15.22, 15.63
09/06/13, 15.35, 16.81, 15.17, 15.85
09/05/13, 16.12, 16.12, 15.63, 15.77
09/04/13, 16.88, 17.01, 15.77, 15.88
09/03/13, 16.47, 17.37, 16.11, 16.61
09/02/13, 16.75, 17.81, 16.70, 17.01
08/30/13, 16.75, 17.81, 16.70, 17.01
08/29/13, 16.79, 16.98, 15.99, 16.81
08/28/13, 16.96, 17.11, 16.10, 16.49
08/27/13, 16.56, 17.13, 15.82, 16.77
08/26/13, 14.37, 15.01, 13.90, 14.99
08/23/13, 14.29, 14.82, 13.98, 13.98
08/22/13, 15.26, 15.26, 14.66, 14.76
08/21/13, 16.00, 16.56, 14.67, 15.94
08/20/13, 15.22, 15.25, 14.29, 14.91
08/19/13, 14.94, 15.20, 14.35, 15.10
08/16/13, 14.56, 14.88, 13.62, 14.37
08/15/13, 14.14, 14.85, 13.91, 14.73
08/14/13, 12.48, 13.09, 12.35, 13.04
08/13/13, 12.86, 13.37, 12.29, 12.31
08/12/13, 13.52, 13.57, 12.80, 12.81
08/09/13, 12.88, 13.66, 12.71, 13.41
08/08/13, 12.50, 13.13, 12.37, 12.73
08/07/13, 13.17, 13.91, 12.96, 12.98
08/06/13, 12.19, 12.93, 12.06, 12.72
08/05/13, 12.29, 12.42, 11.83, 11.84
08/02/13, 12.66, 12.74, 11.98, 11.98
08/01/13, 12.89, 13.25, 12.82, 12.94
07/31/13, 13.55, 13.83, 12.94, 13.45
07/30/13, 13.45, 14.14, 13.35, 13.39
07/29/13, 13.54, 13.86, 13.38, 13.39
07/26/13, 13.41, 13.73, 12.71, 12.72
07/25/13, 13.47, 13.54, 12.91, 12.97
07/24/13, 12.69, 13.49, 12.69, 13.18
07/23/13, 12.15, 13.06, 12.07, 12.66
07/22/13, 13.23, 13.37, 12.29, 12.29
07/19/13, 13.89, 13.97, 12.54, 12.54
07/18/13, 13.63, 13.80, 13.20, 13.77
07/17/13, 14.20, 14.44, 13.76, 13.78
07/16/13, 13.78, 14.56, 13.78, 14.42
07/15/13, 13.98, 14.11, 13.50, 13.79
07/12/13, 13.90, 14.04, 13.74, 13.84
07/11/13, 13.57, 14.20, 13.57, 14.01
07/10/13, 14.46, 14.62, 14.06, 14.21
07/09/13, 14.33, 14.65, 14.26, 14.35
07/08/13, 14.66, 15.27, 14.66, 14.78
07/05/13, 15.59, 16.28, 14.89, 14.89
07/04/13, 17.22, 17.32, 16.20, 16.20
07/03/13, 17.22, 17.32, 16.20, 16.20
07/02/13, 16.49, 16.93, 15.88, 16.44
07/01/13, 16.90, 16.90, 16.00, 16.37
06/28/13, 17.25, 17.69, 16.19, 16.86
06/27/13, 16.60, 16.97, 16.34, 16.86
06/26/13, 17.23, 18.06, 17.08, 17.21
06/25/13, 18.65, 19.22, 17.82, 18.47
06/24/13, 20.87, 21.91, 18.58, 20.11
06/21/13, 18.97, 20.93, 18.25, 18.90
06/20/13, 18.40, 21.32, 18.01, 20.49
06/19/13, 16.89, 17.18, 15.36, 16.64
06/18/13, 16.81, 16.95, 16.46, 16.61
06/17/13, 16.53, 17.62, 16.33, 16.80
06/14/13, 16.63, 17.26, 16.03, 17.15
06/13/13, 18.38, 18.58, 16.37, 16.41
06/12/13, 16.51, 18.60, 16.43, 18.59
06/11/13, 16.91, 17.14, 16.00, 17.07
06/10/13, 15.16, 15.60, 15.10, 15.44
06/07/13, 15.90, 16.21, 14.96, 15.14
06/06/13, 17.70, 18.51, 16.60, 16.63
06/05/13, 16.86, 17.84, 16.57, 17.50
06/04/13, 16.16, 17.25, 15.82, 16.27
06/03/13, 16.40, 17.58, 16.15, 16.28
05/31/13, 15.02, 16.35, 14.36, 16.30
05/30/13, 14.90, 14.98, 14.27, 14.53
05/29/13, 15.30, 15.65, 14.59, 14.83
05/28/13, 13.67, 14.56, 13.56, 14.48
05/27/13, 14.59, 14.79, 13.99, 13.99
05/24/13, 14.59, 14.79, 13.99, 13.99
05/23/13, 14.94, 15.11, 13.87, 14.07
05/22/13, 13.45, 14.45, 13.05, 13.82
05/21/13, 13.08, 13.44, 12.89, 13.37
05/20/13, 13.28, 13.28, 12.84, 13.02
05/17/13, 12.73, 12.94, 12.26, 12.45
05/16/13, 13.07, 13.46, 12.79, 13.07
05/15/13, 12.98, 13.43, 12.78, 12.81
05/14/13, 12.61, 13.21, 12.54, 12.77
05/13/13, 12.57, 12.87, 12.49, 12.55
05/10/13, 13.08, 13.45, 12.54, 12.59
05/09/13, 12.91, 13.53, 12.78, 13.13
05/08/13, 12.87, 13.04, 12.62, 12.66
05/07/13, 12.63, 12.96, 12.49, 12.83
05/06/13, 13.06, 13.19, 12.66, 12.66
05/03/13, 12.92, 13.15, 12.77, 12.85
05/02/13, 14.48, 14.48, 13.58, 13.59
05/01/13, 13.88, 14.67, 13.87, 14.49
04/30/13, 13.71, 14.28, 13.51, 13.52
04/29/13, 13.72, 13.94, 13.36, 13.71
04/26/13, 13.94, 14.18, 13.49, 13.61
04/25/13, 13.61, 13.87, 13.13, 13.62
04/24/13, 13.57, 13.75, 13.36, 13.61
04/23/13, 13.81, 14.87, 13.46, 13.48
04/22/13, 15.08, 16.00, 14.04, 14.39
04/19/13, 16.67, 16.98, 14.87, 14.97
04/18/13, 16.34, 18.20, 16.32, 17.56
04/17/13, 15.35, 17.90, 14.98, 16.51
04/16/13, 14.72, 14.87, 13.91, 13.96
04/15/13, 13.12, 17.27, 12.66, 17.27
04/12/13, 12.61, 13.12, 11.99, 12.06
04/11/13, 12.55, 12.62, 12.15, 12.24
04/10/13, 12.66, 12.88, 12.32, 12.36
04/09/13, 13.11, 13.68, 12.75, 12.84
04/08/13, 14.04, 14.50, 13.19, 13.19
04/05/13, 15.64, 15.65, 13.86, 13.92
04/04/13, 14.10, 14.79, 13.89, 13.89
04/03/13, 12.65, 14.66, 12.62, 14.21
04/02/13, 13.11, 13.18, 12.76, 12.78
04/01/13, 13.46, 14.05, 13.26, 13.58
03/29/13, 12.91, 13.07, 12.54, 12.70
03/28/13, 12.91, 13.07, 12.54, 12.70
03/27/13, 13.72, 13.97, 12.97, 13.15
03/26/13, 12.95, 13.21, 12.69, 12.77
03/25/13, 12.85, 14.61, 12.39, 13.74
03/22/13, 13.34, 13.85, 13.19, 13.57
03/21/13, 13.07, 14.21, 12.62, 13.99
03/20/13, 13.18, 13.18, 12.30, 12.67
03/19/13, 13.03, 15.40, 12.92, 14.39
03/18/13, 13.47, 13.64, 12.57, 13.36
03/15/13, 11.52, 11.99, 11.21, 11.30
03/14/13, 11.70, 11.75, 11.05, 11.30
03/13/13, 12.18, 12.55, 11.79, 11.83
03/12/13, 11.79, 12.93, 11.74, 12.27
03/11/13, 12.31, 12.34, 11.50, 11.56
03/08/13, 12.67, 13.30, 12.49, 12.59
03/07/13, 13.45, 13.56, 13.03, 13.06
03/06/13, 13.18, 13.77, 13.17, 13.53
03/05/13, 13.44, 13.66, 13.24, 13.48
03/04/13, 16.16, 16.16, 14.01, 14.01
03/01/13, 16.10, 16.82, 15.14, 15.36
02/28/13, 15.00, 15.60, 14.16, 15.51
02/27/13, 16.57, 16.60, 14.42, 14.73
02/26/13, 17.50, 18.23, 16.75, 16.87
02/25/13, 13.69, 19.28, 13.57, 18.99
02/22/13, 14.60, 15.02, 14.16, 14.17
02/21/13, 14.68, 16.21, 14.67, 15.22
02/20/13, 12.32, 14.68, 12.32, 14.68
02/19/13, 12.81, 12.85, 12.08, 12.31
02/18/13, 12.47, 12.89, 12.24, 12.46
02/15/13, 12.47, 12.89, 12.24, 12.46
02/14/13, 13.30, 13.32, 12.64, 12.66
02/13/13, 12.88, 13.19, 12.67, 12.98
02/12/13, 12.82, 13.13, 12.63, 12.64
02/11/13, 13.37, 13.42, 12.91, 12.94
02/08/13, 13.20, 13.20, 12.89, 13.02
02/07/13, 13.47, 14.41, 13.43, 13.50
02/06/13, 14.06, 14.08, 13.34, 13.41
02/05/13, 14.21, 14.21, 13.39, 13.72
02/04/13, 14.00, 14.75, 13.80, 14.67
02/01/13, 13.37, 13.38, 12.72, 12.90
01/31/13, 14.43, 14.43, 14.04, 14.28
01/30/13, 13.64, 14.33, 13.60, 14.32
01/29/13, 13.87, 13.88, 13.04, 13.31
01/28/13, 13.29, 13.91, 13.29, 13.57
01/25/13, 12.63, 12.99, 12.50, 12.89
01/24/13, 12.73, 13.50, 12.40, 12.69
01/23/13, 12.67, 12.67, 12.30, 12.46
01/22/13, 13.28, 13.32, 12.43, 12.43
01/21/13, 13.52, 13.53, 12.29, 12.46
01/18/13, 13.52, 13.53, 12.29, 12.46
01/17/13, 13.45, 13.70, 13.16, 13.57
01/16/13, 13.70, 13.76, 13.20, 13.42
01/15/13, 13.97, 13.99, 13.33, 13.55
01/14/13, 13.66, 13.85, 13.41, 13.52
01/11/13, 13.55, 13.79, 13.22, 13.36
01/10/13, 13.33, 13.88, 13.33, 13.49
01/09/13, 13.32, 13.93, 13.22, 13.81
01/08/13, 13.88, 14.29, 13.62, 13.62
01/07/13, 14.53, 14.53, 13.71, 13.79
01/04/13, 14.23, 14.31, 13.64, 13.83
01/03/13, 14.77, 14.92, 14.24, 14.56
01/02/13, 15.24, 15.93, 14.60, 14.68
01/01/13, 22.14, 22.72, 17.88, 18.02
12/31/12, 22.14, 22.72, 17.88, 18.02
12/28/12, 20.32, 23.23, 19.94, 22.72
12/27/12, 19.39, 20.90, 19.11, 19.47
12/26/12, 18.71, 19.63, 18.61, 19.48
12/25/12, 18.46, 18.66, 17.84, 17.84
12/24/12, 18.46, 18.66, 17.84, 17.84
12/21/12, 19.85, 19.93, 17.76, 17.84
12/20/12, 17.26, 17.96, 17.11, 17.67
12/19/12, 16.05, 17.46, 16.04, 17.36
12/18/12, 16.39, 16.43, 15.46, 15.57
12/17/12, 17.20, 17.20, 16.21, 16.34
12/14/12, 16.68, 17.15, 16.61, 17.00
12/13/12, 15.87, 16.67, 15.71, 16.56
12/12/12, 15.60, 16.09, 15.41, 15.95
12/11/12, 15.94, 16.01, 15.42, 15.57
12/10/12, 16.47, 16.47, 15.96, 16.05
12/07/12, 16.12, 16.65, 15.73, 15.90
12/06/12, 16.59, 16.85, 16.31, 16.58
12/05/12, 16.95, 17.53, 16.27, 16.46
12/04/12, 16.66, 17.37, 16.38, 17.12
12/03/12, 15.81, 16.69, 15.76, 16.64
11/30/12, 15.26, 16.17, 14.89, 15.87
11/29/12, 15.21, 15.51, 15.02, 15.06
11/28/12, 16.43, 16.98, 15.47, 15.51
11/27/12, 15.30, 15.93, 15.01, 15.92
11/26/12, 15.63, 15.84, 15.47, 15.50
11/23/12, 15.00, 15.26, 15.00, 15.14
11/22/12, 14.96, 15.43, 14.77, 15.31
11/21/12, 14.96, 15.43, 14.77, 15.31
11/20/12, 15.11, 15.65, 15.06, 15.08
11/19/12, 15.88, 15.98, 15.10, 15.24
11/16/12, 17.65, 18.50, 16.41, 16.41
11/15/12, 17.74, 18.64, 17.62, 17.99
11/14/12, 16.32, 18.05, 15.93, 17.92
11/13/12, 17.36, 17.38, 16.12, 16.65
11/12/12, 18.15, 18.15, 16.45, 16.68
11/09/12, 18.80, 18.81, 17.67, 18.61
11/08/12, 18.69, 18.69, 17.96, 18.49
11/07/12, 17.72, 19.40, 17.62, 19.08
11/06/12, 18.16, 18.17, 17.19, 17.58
11/05/12, 18.33, 18.70, 18.13, 18.42
11/02/12, 16.06, 17.60, 16.05, 17.59
11/01/12, 17.77, 17.79, 16.45, 16.69
10/31/12, 17.68, 18.84, 17.56, 18.60
10/30/12, 18.03, 18.64, 17.52, 17.81
10/29/12, 18.03, 18.64, 17.52, 17.81
10/26/12, 18.03, 18.64, 17.52, 17.81
10/25/12, 17.56, 18.64, 17.30, 18.12
10/24/12, 18.22, 18.67, 17.93, 18.33
10/23/12, 18.23, 19.65, 18.17, 18.83
10/22/12, 17.44, 17.98, 16.62, 16.62
10/19/12, 14.91, 17.60, 14.90, 17.06
10/18/12, 15.25, 15.50, 14.68, 15.03
10/17/12, 15.43, 15.63, 14.90, 15.07
10/16/12, 14.84, 15.23, 14.50, 15.22
10/15/12, 16.05, 16.21, 15.23, 15.27
10/12/12, 15.41, 16.18, 14.96, 16.14
10/11/12, 15.33, 15.80, 15.31, 15.59
10/10/12, 16.52, 16.79, 16.13, 16.29
10/09/12, 15.28, 16.40, 15.18, 16.37
10/08/12, 15.19, 15.46, 15.04, 15.11
10/05/12, 13.68, 14.78, 13.67, 14.33
10/04/12, 15.23, 15.33, 14.53, 14.55
10/03/12, 15.63, 16.02, 15.13, 15.43
10/02/12, 15.85, 16.50, 15.70, 15.71
10/01/12, 16.03, 16.53, 15.13, 16.32
09/28/12, 15.23, 15.77, 14.95, 15.73
09/27/12, 16.38, 16.50, 14.83, 14.84
09/26/12, 15.83, 17.08, 15.83, 16.81
09/25/12, 14.19, 15.72, 14.03, 15.43
09/24/12, 15.06, 15.06, 13.87, 14.15
09/21/12, 13.94, 14.18, 13.69, 13.98
09/20/12, 14.63, 14.67, 14.07, 14.07
09/19/12, 13.95, 14.08, 13.61, 13.88
09/18/12, 14.51, 14.88, 13.97, 14.18
09/17/12, 14.67, 14.92, 14.38, 14.59
09/14/12, 13.82, 14.71, 13.51, 14.51
09/13/12, 15.60, 16.54, 13.91, 14.05
09/12/12, 15.59, 16.31, 15.43, 15.80
09/11/12, 16.11, 16.41, 15.46, 16.41
09/10/12, 14.27, 16.28, 13.97, 16.28
09/07/12, 15.60, 15.60, 14.33, 14.38
09/06/12, 17.30, 17.30, 15.60, 15.60
09/05/12, 17.38, 17.84, 16.99, 17.74
09/04/12, 18.65, 18.96, 17.85, 17.98
09/03/12, 17.25, 18.04, 16.56, 17.47
08/31/12, 17.25, 18.04, 16.56, 17.47
08/30/12, 17.48, 18.05, 17.44, 17.83
08/29/12, 16.61, 17.06, 16.50, 17.06
08/28/12, 16.32, 16.92, 16.01, 16.49
08/27/12, 16.15, 16.38, 15.75, 16.35
08/24/12, 15.99, 16.00, 15.18, 15.18
08/23/12, 15.00, 16.45, 15.00, 15.96
08/22/12, 15.32, 15.52, 14.75, 15.11
08/21/12, 14.10, 15.44, 13.46, 15.02
08/20/12, 14.11, 14.78, 13.38, 14.02
08/17/12, 14.23, 14.30, 13.30, 13.45
08/16/12, 14.88, 15.15, 14.28, 14.29
08/15/12, 14.82, 14.98, 14.36, 14.63
08/14/12, 13.91, 15.06, 13.91, 14.85
08/13/12, 14.09, 14.67, 13.67, 13.70
08/10/12, 15.34, 15.50, 14.73, 14.74
08/09/12, 15.39, 15.67, 15.28, 15.28
08/08/12, 16.46, 16.47, 15.27, 15.32
08/07/12, 15.55, 16.03, 15.48, 15.99
08/06/12, 15.85, 16.27, 15.82, 15.95
08/03/12, 16.05, 16.45, 15.64, 15.64
08/02/12, 19.05, 19.25, 17.56, 17.57
08/01/12, 18.80, 19.18, 18.20, 18.96
07/31/12, 18.40, 19.09, 18.26, 18.93
07/30/12, 17.55, 18.08, 17.23, 18.03
07/27/12, 17.11, 17.30, 16.52, 16.70
07/26/12, 17.68, 18.47, 17.07, 17.53
07/25/12, 19.79, 20.67, 18.99, 19.34
07/24/12, 18.38, 21.00, 18.37, 20.47
07/23/12, 20.41, 20.49, 18.34, 18.62
07/20/12, 16.65, 17.05, 15.97, 16.27
07/19/12, 16.06, 16.70, 15.45, 15.45
07/18/12, 16.81, 16.81, 15.69, 16.16
07/17/12, 16.72, 17.46, 16.09, 16.48
07/16/12, 17.31, 17.32, 16.46, 17.11
07/13/12, 17.78, 17.82, 16.36, 16.74
07/12/12, 18.82, 19.51, 17.75, 18.33
07/11/12, 17.98, 19.17, 17.84, 17.95
07/10/12, 17.51, 19.19, 17.29, 18.72
07/09/12, 18.17, 18.32, 17.73, 17.98
07/06/12, 18.20, 18.25, 16.95, 17.10
07/05/12, 17.61, 18.22, 17.18, 17.50
07/04/12, 16.67, 16.92, 16.27, 16.66
07/03/12, 16.67, 16.92, 16.27, 16.66
07/02/12, 17.62, 18.19, 16.66, 16.80
06/29/12, 17.52, 19.71, 16.87, 17.08
06/28/12, 20.33, 21.19, 19.60, 19.71
06/27/12, 19.55, 20.12, 19.38, 19.45
06/26/12, 20.01, 20.57, 19.42, 19.72
06/25/12, 20.47, 21.36, 19.89, 20.38
06/22/12, 18.65, 19.37, 17.90, 18.11
06/21/12, 16.89, 20.48, 16.77, 20.08
06/20/12, 17.96, 20.05, 17.09, 17.24
06/19/12, 17.66, 18.62, 17.36, 18.38
06/18/12, 21.76, 21.98, 18.24, 18.32
06/15/12, 22.47, 23.09, 20.61, 21.11
06/14/12, 24.19, 24.81, 21.55, 21.68
06/13/12, 22.93, 24.93, 22.66, 24.27
06/12/12, 23.15, 23.90, 22.09, 22.09
06/11/12, 19.87, 23.56, 19.63, 23.56
06/08/12, 22.54, 23.10, 20.29, 21.23
06/07/12, 21.00, 22.48, 20.74, 21.72
06/06/12, 23.76, 23.89, 21.80, 22.16
06/05/12, 25.90, 25.90, 24.50, 24.68
06/04/12, 26.35, 27.73, 25.72, 26.12
06/01/12, 25.87, 26.71, 23.94, 26.66
05/31/12, 23.83, 25.46, 22.78, 24.06
05/30/12, 22.68, 24.14, 22.66, 24.14
05/29/12, 21.70, 22.47, 20.99, 21.03
05/28/12, 22.05, 22.29, 21.30, 21.76
05/25/12, 22.05, 22.29, 21.30, 21.76
05/24/12, 22.00, 23.22, 21.48, 21.54
05/23/12, 23.32, 24.62, 21.99, 22.33
05/22/12, 21.76, 23.19, 19.98, 22.48
05/21/12, 24.88, 24.88, 22.01, 22.01
05/18/12, 23.27, 25.14, 23.07, 25.10
05/17/12, 21.99, 24.51, 21.87, 24.49
05/16/12, 21.54, 22.69, 20.83, 22.27
05/15/12, 21.43, 22.70, 20.76, 21.97
05/14/12, 21.47, 21.87, 20.94, 21.87
05/11/12, 19.93, 19.94, 18.62, 19.89
05/10/12, 19.25, 19.88, 18.77, 18.83
05/09/12, 20.65, 21.59, 19.38, 20.08
05/08/12, 19.44, 20.91, 17.95, 19.05
05/07/12, 19.80, 19.87, 18.41, 18.94
05/04/12, 18.03, 19.28, 17.81, 19.16
05/03/12, 16.90, 17.92, 16.73, 17.56
05/02/12, 17.25, 17.63, 16.78, 16.88
05/01/12, 17.27, 17.49, 16.01, 16.60
04/30/12, 17.04, 17.41, 16.92, 17.15
04/27/12, 15.83, 16.47, 15.83, 16.32
04/26/12, 16.97, 17.04, 15.75, 16.24
04/25/12, 17.05, 17.38, 16.82, 16.82
04/24/12, 19.22, 19.22, 18.09, 18.10
04/23/12, 20.22, 20.27, 18.95, 18.97
04/20/12, 17.92, 18.05, 16.97, 17.44
04/19/12, 18.51, 19.69, 17.69, 18.36
04/18/12, 19.02, 19.17, 17.70, 18.64
04/17/12, 18.66, 18.66, 17.58, 18.46
04/16/12, 18.87, 20.42, 18.60, 19.55
04/13/12, 17.95, 19.62, 17.85, 19.55
04/12/12, 19.63, 19.74, 17.20, 17.20
04/11/12, 19.22, 20.12, 18.73, 20.02
04/10/12, 19.10, 21.06, 18.62, 20.39
04/09/12, 18.94, 18.94, 17.93, 18.81
04/06/12, 17.02, 17.13, 16.29, 16.70
04/05/12, 17.02, 17.13, 16.29, 16.70
04/04/12, 17.07, 17.74, 16.31, 16.44
04/03/12, 15.61, 16.65, 15.56, 15.66
04/02/12, 16.35, 16.58, 15.02, 15.64
03/30/12, 14.88, 15.98, 14.67, 15.50
03/29/12, 16.84, 17.20, 15.39, 15.48
03/28/12, 15.58, 17.27, 15.40, 15.47
03/27/12, 14.52, 15.59, 14.14, 15.59
03/26/12, 14.51, 15.03, 14.26, 14.26
03/23/12, 15.65, 16.39, 14.69, 14.82
03/22/12, 16.04, 16.58, 15.56, 15.57
03/21/12, 14.72, 15.31, 14.19, 15.13
03/20/12, 15.82, 15.95, 15.11, 15.58
03/19/12, 15.42, 15.43, 14.54, 15.04
03/16/12, 14.43, 15.24, 13.66, 14.47
03/15/12, 15.32, 16.06, 14.58, 15.42
03/14/12, 14.42, 16.19, 14.39, 15.31
03/13/12, 14.00, 16.08, 13.99, 14.80
03/12/12, 15.79, 16.67, 15.23, 15.64
03/09/12, 17.16, 17.54, 16.63, 17.11
03/08/12, 18.08, 18.46, 17.76, 17.95
03/07/12, 20.43, 20.44, 19.07, 19.07
03/06/12, 20.57, 21.24, 20.30, 20.87
03/05/12, 18.27, 18.90, 18.02, 18.05
03/02/12, 17.65, 17.65, 17.14, 17.29
03/01/12, 18.02, 18.03, 17.26, 17.26
02/29/12, 17.80, 18.75, 17.53, 18.43
02/28/12, 18.67, 18.67, 17.88, 17.96
02/27/12, 19.10, 19.25, 17.58, 18.19
02/24/12, 16.68, 17.62, 16.42, 17.31
02/23/12, 18.73, 18.97, 16.64, 16.80
02/22/12, 18.85, 18.94, 17.74, 18.19
02/21/12, 18.41, 18.94, 17.65, 18.19
02/20/12, 18.73, 18.79, 17.54, 17.78
02/17/12, 18.73, 18.79, 17.54, 17.78
02/16/12, 21.59, 21.76, 19.22, 19.22
02/15/12, 19.74, 21.77, 19.44, 21.14
02/14/12, 19.45, 20.76, 18.95, 19.54
02/13/12, 19.64, 19.68, 17.92, 19.04
02/10/12, 20.10, 21.98, 19.02, 20.79
02/09/12, 18.12, 18.72, 18.07, 18.63
02/08/12, 17.79, 18.46, 17.53, 18.16
02/07/12, 17.93, 18.10, 17.50, 17.65
02/06/12, 17.98, 18.02, 16.11, 17.76
02/03/12, 16.84, 17.32, 16.10, 17.10
02/02/12, 18.38, 18.50, 17.98, 17.98
02/01/12, 18.68, 18.82, 17.99, 18.55
01/31/12, 19.07, 19.84, 18.13, 19.44
01/30/12, 20.33, 20.33, 19.38, 19.40
01/27/12, 19.16, 19.16, 18.26, 18.53
01/26/12, 17.96, 19.17, 16.80, 18.57
01/25/12, 19.35, 19.55, 17.15, 18.31
01/24/12, 19.76, 20.00, 18.63, 18.91
01/23/12, 19.22, 19.31, 18.55, 18.67
01/20/12, 19.91, 19.94, 18.16, 18.28
01/19/12, 20.49, 20.87, 19.45, 19.87
01/18/12, 23.20, 23.44, 20.78, 20.89
01/17/12, 20.90, 22.25, 20.69, 22.20
01/16/12, 21.41, 22.43, 20.91, 20.91
01/13/12, 21.41, 22.43, 20.91, 20.91
01/12/12, 21.01, 22.03, 20.46, 20.47
01/11/12, 21.18, 21.22, 20.98, 21.05
01/10/12, 20.14, 20.69, 20.05, 20.69
01/09/12, 21.67, 21.78, 21.00, 21.07
01/06/12, 21.24, 21.72, 20.58, 20.63
01/05/12, 22.75, 23.09, 21.34, 21.48
01/04/12, 23.44, 23.73, 22.22, 22.22
01/03/12, 22.95, 23.10, 22.54, 22.97
01/02/12, 22.86, 23.46, 22.65, 23.40
12/30/11, 22.86, 23.46, 22.65, 23.40
12/29/11, 23.52, 23.52, 22.65, 22.65
12/28/11, 22.12, 23.56, 22.11, 23.52
12/27/11, 22.58, 22.66, 21.68, 21.91
12/26/11, 21.10, 21.21, 20.72, 20.73
12/23/11, 21.10, 21.21, 20.72, 20.73
12/22/11, 21.08, 21.33, 20.34, 21.16
12/21/11, 22.52, 23.94, 21.12, 21.43
12/20/11, 23.56, 23.58, 22.54, 23.22
12/19/11, 25.14, 25.38, 24.38, 24.92
12/16/11, 24.16, 25.02, 23.51, 24.29
12/15/11, 24.38, 25.28, 23.88, 25.11
12/14/11, 26.16, 27.55, 25.76, 26.04
12/13/11, 24.72, 26.28, 23.27, 25.41
12/12/11, 26.78, 27.73, 25.64, 25.67
12/09/11, 29.61, 29.61, 26.29, 26.38
12/08/11, 29.63, 30.91, 29.02, 30.59
12/07/11, 28.61, 29.58, 28.44, 28.67
12/06/11, 27.91, 28.13, 27.41, 28.13
12/05/11, 26.74, 28.31, 26.00, 27.84
12/02/11, 26.26, 27.62, 25.29, 27.52
12/01/11, 27.63, 27.89, 26.64, 27.41
11/30/11, 27.72, 28.50, 27.03, 27.80
11/29/11, 31.76, 32.02, 30.56, 30.64
11/28/11, 31.93, 33.11, 29.47, 32.13
11/25/11, 34.61, 34.77, 33.12, 34.47
11/24/11, 32.91, 34.57, 32.68, 33.98
11/23/11, 32.91, 34.57, 32.68, 33.98
11/22/11, 33.12, 33.39, 31.28, 31.97
11/21/11, 34.59, 35.29, 32.53, 32.91
11/18/11, 33.16, 33.99, 31.92, 32.00
11/17/11, 33.15, 36.46, 32.89, 34.51
11/16/11, 32.66, 33.51, 30.54, 33.51
11/15/11, 31.74, 32.55, 30.40, 31.22
11/14/11, 31.42, 32.85, 31.13, 31.13
11/11/11, 29.91, 30.42, 29.45, 30.04
11/10/11, 33.09, 35.50, 32.12, 32.81
11/09/11, 31.32, 36.43, 30.98, 36.16
11/08/11, 29.34, 30.49, 27.47, 27.48
11/07/11, 31.40, 32.15, 29.85, 29.85
11/04/11, 31.46, 32.56, 30.14, 30.16
11/03/11, 31.38, 34.65, 30.21, 30.50
11/02/11, 33.53, 34.27, 32.55, 32.74
11/01/11, 36.03, 37.53, 33.87, 34.77
10/31/11, 27.09, 29.97, 27.01, 29.96
10/28/11, 26.02, 26.02, 24.44, 24.53
10/27/11, 24.72, 26.46, 24.70, 25.46
10/26/11, 30.44, 33.30, 29.63, 29.86
10/25/11, 30.68, 32.46, 30.32, 32.22
10/24/11, 31.67, 31.70, 28.84, 29.26
10/21/11, 32.76, 32.98, 31.32, 31.32
10/20/11, 34.44, 36.87, 34.16, 34.78
10/19/11, 32.92, 35.47, 31.91, 34.44
10/18/11, 33.37, 34.71, 29.69, 31.56
10/17/11, 30.35, 33.39, 30.12, 33.39
10/14/11, 29.07, 29.96, 28.08, 28.24
10/13/11, 31.99, 32.76, 30.48, 30.70
10/12/11, 31.57, 31.93, 29.79, 31.26
10/11/11, 33.95, 34.24, 32.62, 32.86
10/10/11, 35.45, 35.45, 32.96, 33.02
10/07/11, 35.67, 37.82, 35.19, 36.20
10/06/11, 38.24, 38.74, 36.15, 36.27
10/05/11, 40.73, 41.20, 37.51, 37.81
10/04/11, 46.18, 46.88, 40.02, 40.82
10/03/11, 44.25, 45.55, 41.51, 45.45
09/30/11, 40.93, 42.99, 39.88, 42.96
09/29/11, 38.62, 42.00, 38.03, 38.84
09/28/11, 37.70, 41.24, 36.65, 41.08
09/27/11, 36.59, 38.57, 35.32, 37.71
09/26/11, 40.99, 43.34, 39.02, 39.02
09/23/11, 42.17, 42.82, 40.42, 41.25
09/22/11, 41.00, 43.87, 39.33, 41.35
09/21/11, 33.00, 37.32, 32.45, 37.32
09/20/11, 32.42, 33.14, 31.45, 32.86
09/19/11, 34.80, 35.33, 32.35, 32.73
09/16/11, 31.81, 32.48, 30.43, 30.98
09/15/11, 33.43, 33.98, 31.75, 31.97
09/14/11, 36.59, 37.76, 33.40, 34.60
09/13/11, 38.68, 39.43, 36.69, 36.91
09/12/11, 42.56, 43.18, 38.58, 38.59
09/09/11, 35.53, 40.74, 35.53, 38.52
09/08/11, 34.41, 34.71, 32.79, 34.32
09/07/11, 34.24, 34.70, 33.38, 33.38
09/06/11, 39.84, 39.86, 37.00, 37.00
09/05/11, 34.29, 34.74, 32.70, 33.92
09/02/11, 34.29, 34.74, 32.70, 33.92
09/01/11, 31.91, 32.38, 30.76, 31.82
08/31/11, 31.20, 32.53, 30.16, 31.62
08/30/11, 32.97, 33.55, 31.55, 32.89
08/29/11, 33.81, 33.81, 32.21, 32.28
08/26/11, 41.18, 43.84, 34.33, 35.59
08/25/11, 34.43, 40.14, 34.05, 39.76
08/24/11, 37.12, 37.38, 34.55, 35.90
08/23/11, 41.89, 42.54, 35.83, 36.27
08/22/11, 38.80, 43.58, 38.78, 42.44
08/19/11, 45.34, 45.40, 39.99, 43.05
08/18/11, 36.77, 45.28, 36.69, 42.67
08/17/11, 32.09, 33.32, 30.81, 31.58
08/16/11, 33.36, 34.49, 31.68, 32.85
08/15/11, 34.73, 34.83, 31.47, 31.87
08/12/11, 37.08, 37.85, 34.01, 36.36
08/11/11, 41.94, 42.88, 37.50, 39.00
08/10/11, 39.33, 44.41, 37.34, 42.99
08/09/11, 42.12, 47.56, 34.28, 35.06
08/08/11, 36.90, 48.00, 35.29, 48.00
08/05/11, 28.48, 39.25, 27.54, 32.00
08/04/11, 24.57, 32.07, 24.31, 31.66
08/03/11, 23.58, 25.23, 22.76, 23.38
08/02/11, 24.22, 24.79, 22.65, 24.79
08/01/11, 22.63, 25.63, 22.46, 23.66
07/29/11, 25.28, 25.94, 23.65, 25.25
07/28/11, 22.83, 23.99, 21.20, 23.74
07/27/11, 20.87, 23.20, 20.87, 22.98
07/26/11, 19.75, 20.50, 19.56, 20.23
07/25/11, 19.26, 19.50, 18.73, 19.35
07/22/11, 17.22, 17.95, 17.14, 17.52
07/21/11, 18.61, 18.63, 17.15, 17.56
07/20/11, 18.81, 19.65, 18.61, 19.09
07/19/11, 20.14, 20.43, 19.12, 19.21
07/18/11, 21.25, 21.93, 20.90, 20.95
07/15/11, 20.25, 21.68, 19.52, 19.53
07/14/11, 20.08, 21.58, 19.35, 20.80
07/13/11, 19.08, 20.16, 18.09, 19.91
07/12/11, 19.55, 20.13, 18.25, 19.87
07/11/11, 17.44, 19.06, 17.16, 18.39
07/08/11, 17.14, 17.14, 15.95, 15.95
07/07/11, 15.30, 16.13, 15.30, 15.95
07/06/11, 16.46, 17.08, 16.32, 16.34
07/05/11, 16.32, 16.50, 15.89, 16.06
07/04/11, 16.06, 16.29, 15.12, 15.87
07/01/11, 16.06, 16.29, 15.12, 15.87
06/30/11, 16.67, 16.77, 15.88, 16.52
06/29/11, 18.62, 18.83, 16.32, 17.27
06/28/11, 20.30, 20.45, 19.17, 19.17
06/27/11, 21.60, 21.82, 20.27, 20.56
06/24/11, 19.20, 21.28, 19.10, 21.10
06/23/11, 20.23, 21.50, 19.22, 19.29
06/22/11, 18.86, 18.90, 17.72, 18.52
06/21/11, 19.46, 19.46, 17.72, 18.86
06/20/11, 22.99, 23.08, 19.99, 19.99
06/17/11, 21.56, 22.39, 20.35, 21.85
06/16/11, 21.37, 24.65, 20.81, 22.73
06/15/11, 19.31, 21.66, 19.03, 21.32
06/14/11, 18.56, 18.56, 17.80, 18.26
06/13/11, 19.10, 20.02, 18.41, 19.61
06/10/11, 17.93, 19.16, 17.93, 18.86
06/09/11, 18.20, 18.31, 17.26, 17.77
06/08/11, 18.15, 18.83, 17.72, 18.79
06/07/11, 18.13, 18.48, 17.39, 18.07
06/06/11, 18.42, 18.65, 17.65, 18.49
06/03/11, 18.23, 19.87, 17.12, 17.95
06/02/11, 17.92, 18.72, 17.39, 18.09
06/01/11, 15.95, 18.48, 15.95, 18.30
05/31/11, 15.85, 16.50, 15.15, 15.45
05/30/11, 16.11, 16.27, 15.36, 15.98
05/27/11, 16.11, 16.27, 15.36, 15.98
05/26/11, 17.17, 17.46, 15.90, 16.09
05/25/11, 18.26, 18.26, 16.70, 17.07
05/24/11, 18.07, 18.19, 17.00, 17.82
05/23/11, 20.03, 20.03, 17.47, 18.27
05/20/11, 15.88, 17.43, 15.70, 17.43
05/19/11, 15.90, 16.56, 15.50, 15.52
05/18/11, 17.56, 17.68, 16.03, 16.23
05/17/11, 18.54, 19.09, 17.47, 17.55
05/16/11, 17.86, 18.25, 16.61, 18.24
05/13/11, 16.02, 17.56, 15.98, 17.07
05/12/11, 17.27, 17.89, 16.03, 16.03
05/11/11, 16.27, 17.49, 16.23, 16.95
05/10/11, 16.84, 16.90, 15.79, 15.91
05/09/11, 18.59, 18.59, 17.04, 17.16
05/06/11, 17.17, 19.29, 16.12, 18.40
05/05/11, 17.68, 19.11, 16.74, 18.20
05/04/11, 16.84, 17.72, 16.83, 17.08
05/03/11, 16.35, 17.29, 16.13, 16.70
05/02/11, 15.07, 16.13, 15.07, 15.99
04/29/11, 14.56, 14.99, 14.49, 14.75
04/28/11, 15.54, 15.54, 14.27, 14.62
04/27/11, 15.37, 16.42, 15.13, 15.35
04/26/11, 15.36, 15.66, 15.07, 15.62
04/25/11, 15.64, 16.06, 15.50, 15.77
04/22/11, 14.71, 15.23, 14.40, 14.69
04/21/11, 14.71, 15.23, 14.40, 14.69
04/20/11, 14.31, 15.39, 14.30, 15.07
04/19/11, 16.62, 16.72, 15.69, 15.83
04/18/11, 18.30, 19.07, 16.81, 16.96
04/15/11, 15.97, 15.98, 14.92, 15.32
04/14/11, 17.77, 18.08, 16.08, 16.27
04/13/11, 16.33, 17.38, 16.20, 16.92
04/12/11, 17.58, 18.46, 16.88, 17.09
04/11/11, 16.74, 17.05, 16.22, 16.59
04/08/11, 16.51, 18.33, 16.51, 17.87
04/07/11, 16.92, 17.77, 16.49, 17.11
04/06/11, 16.75, 17.15, 16.50, 16.90
04/05/11, 17.87, 17.87, 16.50, 17.25
04/04/11, 17.63, 17.85, 17.39, 17.50
04/01/11, 16.68, 17.62, 16.44, 17.40
03/31/11, 17.90, 17.95, 17.41, 17.74
03/30/11, 17.82, 17.89, 17.25, 17.71
03/29/11, 19.17, 19.78, 18.00, 18.16
03/28/11, 18.31, 19.44, 17.96, 19.44
03/25/11, 17.87, 18.08, 17.07, 17.91
03/24/11, 18.45, 18.99, 17.87, 18.00
03/23/11, 20.59, 21.05, 18.19, 19.17
03/22/11, 20.53, 20.59, 19.97, 20.21
03/21/11, 22.10, 22.16, 20.22, 20.61
03/18/11, 23.90, 24.85, 23.09, 24.44
03/17/11, 26.94, 27.54, 25.44, 26.37
03/16/11, 24.65, 31.28, 24.04, 29.40
03/15/11, 25.66, 25.72, 23.31, 24.32
03/14/11, 21.79, 22.74, 20.92, 21.13
03/11/11, 21.72, 21.75, 19.97, 20.08
03/10/11, 21.37, 22.25, 20.34, 21.88
03/09/11, 20.05, 20.96, 19.41, 20.22
03/08/11, 20.58, 21.06, 19.15, 19.82
03/07/11, 19.37, 21.77, 18.95, 20.66
03/04/11, 18.56, 20.33, 18.31, 19.06
03/03/11, 19.27, 19.27, 18.25, 18.60
03/02/11, 20.73, 21.14, 19.62, 20.70
03/01/11, 17.63, 21.01, 17.63, 21.01
02/28/11, 19.12, 19.27, 18.14, 18.35
02/25/11, 20.41, 20.44, 18.88, 19.22
02/24/11, 22.28, 22.71, 20.81, 21.32
02/23/11, 20.84, 23.22, 20.30, 22.13
02/22/11, 19.46, 21.45, 18.38, 20.80
02/21/11, 16.59, 16.91, 15.54, 16.43
02/18/11, 16.59, 16.91, 15.54, 16.43
02/17/11, 17.01, 17.30, 15.88, 16.59
02/16/11, 16.31, 16.74, 15.84, 16.72
02/15/11, 16.30, 16.75, 16.27, 16.37
02/14/11, 16.07, 16.26, 15.22, 15.95
02/11/11, 16.53, 16.53, 15.55, 15.69
02/10/11, 16.74, 17.07, 16.00, 16.09
02/09/11, 16.27, 16.52, 15.86, 15.87
02/08/11, 16.29, 16.60, 14.86, 15.81
02/07/11, 16.14, 16.54, 15.84, 16.28
02/04/11, 16.64, 16.74, 15.89, 15.93
02/03/11, 17.53, 17.80, 16.61, 16.69
02/02/11, 17.82, 17.84, 17.28, 17.30
02/01/11, 18.59, 18.63, 17.40, 17.63
01/31/11, 19.61, 19.96, 17.10, 19.53
01/28/11, 15.94, 20.08, 15.92, 20.04
01/27/11, 16.84, 16.89, 15.81, 16.15
01/26/11, 17.00, 17.42, 16.59, 16.64
01/25/11, 18.22, 18.55, 17.59, 17.59
01/24/11, 18.78, 18.93, 17.56, 17.65
01/21/11, 17.03, 18.61, 16.60, 18.47
01/20/11, 17.81, 18.85, 17.65, 17.99
01/19/11, 15.89, 17.67, 15.86, 17.31
01/18/11, 16.19, 16.20, 15.71, 15.87
01/17/11, 16.67, 16.71, 15.37, 15.46
01/14/11, 16.67, 16.71, 15.37, 15.46
01/13/11, 16.51, 16.78, 16.14, 16.39
01/12/11, 16.26, 16.50, 16.17, 16.24
01/11/11, 16.61, 17.35, 16.60, 16.89
01/10/11, 18.35, 18.63, 17.54, 17.54
01/07/11, 17.31, 18.07, 16.57, 17.14
01/06/11, 16.80, 17.56, 16.79, 17.40
01/05/11, 17.81, 17.95, 16.86, 17.02
01/04/11, 17.34, 18.24, 17.33, 17.38
01/03/11, 17.94, 17.95, 16.91, 17.61
12/31/10, 17.91, 18.13, 17.75, 17.75
12/30/10, 17.65, 17.89, 17.46, 17.52
12/29/10, 17.49, 17.49, 17.02, 17.28
12/28/10, 17.30, 17.99, 17.30, 17.52
12/27/10, 18.26, 18.32, 17.66, 17.67
12/24/10, 15.44, 16.86, 15.40, 16.47
12/23/10, 15.44, 16.86, 15.40, 16.47
12/22/10, 16.52, 16.56, 15.45, 15.45
12/21/10, 16.20, 16.62, 16.08, 16.49
12/20/10, 16.22, 16.86, 15.78, 16.41
12/17/10, 17.62, 17.64, 15.46, 16.11
12/16/10, 18.03, 18.27, 16.88, 17.39
12/15/10, 17.99, 18.14, 17.37, 17.94
12/14/10, 17.60, 17.95, 17.22, 17.61
12/13/10, 16.82, 17.67, 16.68, 17.55
12/10/10, 17.06, 17.63, 17.06, 17.61
12/09/10, 17.32, 17.84, 17.24, 17.25
12/08/10, 17.97, 18.32, 17.69, 17.74
12/07/10, 17.13, 18.15, 17.13, 17.99
12/06/10, 18.80, 18.85, 17.95, 18.02
12/03/10, 19.26, 19.28, 17.71, 18.01
12/02/10, 21.13, 21.13, 19.10, 19.39
12/01/10, 21.19, 21.43, 20.40, 21.36
11/30/10, 23.27, 23.79, 22.42, 23.54
11/29/10, 23.15, 23.84, 21.38, 21.53
11/26/10, 21.17, 22.22, 20.28, 22.22
11/25/10, 19.42, 19.61, 18.73, 19.56
11/24/10, 19.42, 19.61, 18.73, 19.56
11/23/10, 20.25, 21.45, 20.24, 20.63
11/22/10, 19.45, 20.14, 18.35, 18.37
11/19/10, 19.15, 19.72, 17.76, 18.04
11/18/10, 20.31, 20.31, 18.75, 18.75
11/17/10, 22.19, 22.21, 21.22, 21.76
11/16/10, 21.26, 23.07, 20.95, 22.58
11/15/10, 20.33, 20.37, 19.14, 20.20
11/12/10, 19.59, 21.23, 19.29, 20.61
11/11/10, 19.44, 19.75, 18.48, 18.64
11/10/10, 18.94, 19.96, 18.41, 18.47
11/09/10, 18.51, 19.39, 17.83, 19.08
11/08/10, 19.33, 19.35, 18.21, 18.29
11/05/10, 18.07, 18.44, 17.92, 18.26
11/04/10, 18.03, 18.80, 17.97, 18.52
11/03/10, 21.66, 22.02, 19.54, 19.56
11/02/10, 21.34, 21.82, 21.22, 21.57
11/01/10, 21.65, 22.54, 20.92, 21.83
10/29/10, 21.20, 21.40, 20.86, 21.20
10/28/10, 20.28, 21.41, 20.18, 20.88
10/27/10, 21.11, 22.37, 20.69, 20.71
10/26/10, 20.52, 21.01, 20.22, 20.22
10/25/10, 19.22, 19.88, 18.86, 19.85
10/22/10, 19.36, 19.36, 18.76, 18.78
10/21/10, 19.70, 20.53, 18.93, 19.27
10/20/10, 21.20, 21.20, 19.67, 19.79
10/19/10, 20.70, 21.35, 19.33, 20.63
10/18/10, 20.43, 20.71, 18.88, 19.09
10/15/10, 20.20, 21.59, 19.02, 19.03
10/14/10, 19.59, 21.02, 19.40, 19.88
10/13/10, 17.92, 19.16, 17.90, 19.07
10/12/10, 20.00, 20.10, 18.55, 18.93
10/11/10, 19.33, 19.51, 18.80, 18.96
10/08/10, 21.58, 21.64, 20.29, 20.71
10/07/10, 21.31, 22.16, 21.28, 21.56
10/06/10, 21.82, 22.13, 21.46, 21.49
10/05/10, 22.52, 23.08, 21.71, 21.76
10/04/10, 23.63, 24.34, 23.30, 23.53
10/01/10, 22.90, 23.67, 22.46, 22.50
09/30/10, 22.85, 24.52, 22.39, 23.70
09/29/10, 23.14, 23.45, 22.72, 23.25
09/28/10, 22.92, 24.28, 22.40, 22.60
09/27/10, 22.58, 22.75, 21.97, 22.54
09/24/10, 22.61, 22.61, 21.71, 21.71
09/23/10, 23.91, 24.06, 22.56, 23.87
09/22/10, 22.56, 23.19, 21.91, 22.51
09/21/10, 21.54, 22.59, 21.42, 22.35
09/20/10, 22.47, 22.58, 21.25, 21.50
09/17/10, 21.65, 22.56, 21.63, 22.01
09/16/10, 22.65, 22.83, 21.71, 21.72
09/15/10, 22.55, 22.80, 22.10, 22.10
09/14/10, 21.69, 21.97, 20.85, 21.56
09/13/10, 21.06, 22.05, 20.93, 21.21
09/10/10, 22.64, 22.87, 21.76, 21.99
09/09/10, 22.22, 23.24, 22.14, 22.81
09/08/10, 23.51, 23.56, 22.92, 23.25
09/07/10, 22.77, 23.94, 22.77, 23.80
09/06/10, 21.99, 22.78, 21.24, 21.31
09/03/10, 21.99, 22.78, 21.24, 21.31
09/02/10, 24.23, 24.31, 23.15, 23.19
09/01/10, 25.13, 25.13, 23.86, 23.89
08/31/10, 27.58, 27.83, 25.93, 26.05
08/30/10, 25.88, 27.21, 25.41, 27.21
08/27/10, 26.50, 28.11, 24.41, 24.45
08/26/10, 26.45, 27.55, 25.86, 27.37
08/25/10, 28.30, 28.92, 26.46, 26.70
08/24/10, 27.91, 28.77, 26.32, 27.46
08/23/10, 25.97, 25.97, 24.62, 25.66
08/20/10, 26.73, 27.00, 25.49, 25.49
08/19/10, 24.48, 26.78, 24.26, 26.44
08/18/10, 24.30, 25.23, 23.40, 24.59
08/17/10, 24.72, 24.89, 23.71, 24.33
08/16/10, 27.41, 28.10, 25.38, 26.10
08/13/10, 26.08, 26.26, 25.45, 26.24
08/12/10, 27.21, 27.21, 25.18, 25.73
08/11/10, 24.96, 26.10, 24.96, 25.39
08/10/10, 23.30, 24.24, 22.17, 22.37
08/09/10, 21.85, 22.87, 21.36, 22.14
08/06/10, 23.34, 23.89, 21.72, 21.74
08/05/10, 23.04, 23.13, 22.07, 22.10
08/04/10, 22.69, 23.69, 22.16, 22.21
08/03/10, 22.44, 23.06, 21.98, 22.63
08/02/10, 23.07, 23.24, 21.74, 22.01
07/30/10, 25.47, 27.32, 23.35, 23.50
07/29/10, 23.40, 25.54, 23.04, 24.13
07/28/10, 23.93, 24.54, 22.24, 24.25
07/27/10, 21.89, 23.57, 21.86, 23.19
07/26/10, 24.37, 24.61, 22.70, 22.73
07/23/10, 24.79, 25.17, 23.32, 23.47
07/22/10, 24.37, 24.85, 23.72, 24.63
07/21/10, 23.61, 26.63, 23.59, 25.64
07/20/10, 27.35, 27.40, 23.79, 23.93
07/19/10, 27.02, 27.30, 25.12, 25.97
07/16/10, 25.77, 28.16, 25.71, 26.25
07/15/10, 25.08, 27.24, 24.74, 25.14
07/14/10, 24.61, 25.80, 24.18, 24.89
07/13/10, 23.29, 24.57, 23.12, 24.56
07/12/10, 24.66, 25.14, 23.53, 24.43
07/09/10, 25.35, 25.67, 24.37, 24.98
07/08/10, 26.50, 27.42, 25.71, 25.71
07/07/10, 29.56, 29.56, 26.84, 26.84
07/06/10, 28.82, 31.15, 27.96, 29.65
07/05/10, 31.71, 31.88, 29.35, 30.12
07/02/10, 31.71, 31.88, 29.35, 30.12
07/01/10, 34.41, 37.58, 32.72, 32.86
06/30/10, 33.95, 34.63, 31.74, 34.54
06/29/10, 31.22, 35.39, 31.22, 34.13
06/28/10, 29.20, 29.90, 28.47, 29.00
06/25/10, 29.64, 30.41, 28.07, 28.53
06/24/10, 27.61, 30.27, 27.53, 29.74
06/23/10, 26.93, 28.55, 26.54, 26.91
06/22/10, 25.14, 27.05, 24.41, 27.05
06/21/10, 22.90, 25.64, 22.87, 24.88
06/18/10, 24.87, 24.88, 23.30, 23.95
06/17/10, 25.59, 26.64, 25.05, 25.05
06/16/10, 26.72, 26.72, 25.34, 25.92
06/15/10, 27.68, 27.84, 25.68, 25.87
06/14/10, 27.94, 28.72, 26.98, 28.58
06/11/10, 31.79, 31.79, 28.60, 28.79
06/10/10, 31.00, 31.77, 29.69, 30.57
06/09/10, 32.33, 34.12, 30.23, 33.73
06/08/10, 36.53, 37.38, 33.36, 33.70
06/07/10, 35.66, 36.80, 34.43, 36.57
06/04/10, 32.93, 36.12, 31.81, 35.48
06/03/10, 29.65, 31.20, 29.12, 29.46
06/02/10, 34.39, 34.57, 29.94, 30.17
06/01/10, 34.87, 35.68, 31.82, 35.54
05/31/10, 30.23, 33.30, 29.53, 32.07
05/28/10, 30.23, 33.30, 29.53, 32.07
05/27/10, 30.24, 31.03, 29.54, 29.68
05/26/10, 32.54, 35.02, 24.10, 35.02
05/25/10, 43.15, 43.74, 34.59, 34.61
05/24/10, 41.74, 41.74, 35.57, 38.32
05/21/10, 47.66, 48.20, 38.95, 40.10
05/20/10, 41.79, 46.37, 40.30, 45.79
05/19/10, 34.65, 38.42, 33.07, 35.32
05/18/10, 28.67, 34.17, 28.09, 33.55
05/17/10, 31.33, 35.25, 30.76, 30.84
05/14/10, 28.40, 33.24, 28.40, 31.24
05/13/10, 26.17, 26.85, 24.30, 26.68
05/12/10, 26.56, 26.67, 24.98, 25.52
05/11/10, 31.04, 31.04, 25.86, 28.32
05/10/10, 28.65, 30.89, 25.68, 28.84
05/07/10, 32.76, 42.15, 31.71, 40.95
05/06/10, 25.88, 40.71, 24.43, 32.80
05/05/10, 25.96, 27.23, 23.75, 24.91
05/04/10, 22.46, 25.70, 22.46, 23.84
05/03/10, 22.41, 22.41, 19.61, 20.19
04/30/10, 18.75, 22.39, 18.41, 22.05
04/29/10, 20.37, 20.37, 18.44, 18.44
04/28/10, 22.08, 23.03, 20.86, 21.08
04/27/10, 18.13, 23.20, 17.94, 22.81
04/26/10, 17.52, 17.53, 17.07, 17.47
04/23/10, 16.62, 16.71, 16.12, 16.62
04/22/10, 17.48, 18.19, 16.20, 16.47
04/21/10, 15.94, 16.85, 15.50, 16.32
04/20/10, 16.84, 16.89, 15.73, 15.73
04/19/10, 19.14, 19.55, 17.34, 17.34
04/16/10, 16.19, 19.70, 16.11, 18.36
04/15/10, 15.87, 16.50, 15.68, 15.89
04/14/10, 15.80, 16.38, 15.55, 15.59
04/13/10, 15.98, 16.77, 15.81, 16.20
04/12/10, 15.67, 16.00, 15.23, 15.58
04/09/10, 16.32, 16.65, 16.06, 16.14
04/08/10, 17.21, 17.80, 16.30, 16.48
04/07/10, 16.72, 17.21, 16.16, 16.62
04/06/10, 17.39, 17.54, 16.08, 16.23
04/05/10, 17.96, 18.16, 17.02, 17.02
04/02/10, 17.01, 18.09, 16.79, 17.47
04/01/10, 17.01, 18.09, 16.79, 17.47
03/31/10, 17.66, 17.92, 17.29, 17.59
03/30/10, 17.64, 18.08, 17.13, 17.13
03/29/10, 18.17, 18.28, 17.57, 17.59
03/26/10, 18.27, 18.69, 17.35, 17.77
03/25/10, 17.07, 18.54, 16.62, 18.40
03/24/10, 16.85, 17.92, 16.83, 17.55
03/23/10, 16.84, 17.09, 16.21, 16.35
03/22/10, 18.30, 18.34, 16.77, 16.87
03/19/10, 16.17, 17.57, 16.17, 16.97
03/18/10, 16.96, 16.99, 16.31, 16.62
03/17/10, 16.97, 17.17, 16.52, 16.91
03/16/10, 17.78, 18.01, 17.42, 17.69
03/15/10, 18.28, 18.78, 17.96, 18.00
03/12/10, 17.97, 18.53, 17.58, 17.58
03/11/10, 18.90, 19.34, 18.06, 18.06
03/10/10, 18.00, 18.60, 17.43, 18.57
03/09/10, 18.18, 18.19, 17.51, 17.92
03/08/10, 17.95, 17.96, 17.56, 17.79
03/05/10, 18.06, 18.15, 17.23, 17.42
03/04/10, 18.86, 19.27, 18.58, 18.72
03/03/10, 18.95, 19.30, 18.42, 18.83
03/02/10, 18.83, 19.36, 18.60, 19.06
03/01/10, 19.93, 19.94, 19.18, 19.26
02/26/10, 19.88, 20.53, 19.32, 19.50
02/25/10, 22.03, 22.68, 20.06, 20.10
02/24/10, 21.23, 21.58, 20.22, 20.27
02/23/10, 20.39, 21.94, 20.06, 21.37
02/22/10, 20.16, 21.00, 19.59, 19.94
02/19/10, 21.07, 21.14, 19.71, 20.02
02/18/10, 21.72, 22.21, 20.60, 20.63
02/17/10, 22.25, 22.60, 21.70, 21.72
02/16/10, 23.51, 23.57, 22.13, 22.25
02/15/10, 23.96, 25.54, 22.73, 22.73
02/12/10, 23.96, 25.54, 22.73, 22.73
02/11/10, 25.82, 26.11, 23.87, 23.96
02/10/10, 26.36, 26.77, 24.80, 25.40
02/09/10, 26.51, 26.56, 24.78, 26.00
02/08/10, 26.11, 27.11, 25.48, 26.51
02/05/10, 25.69, 29.22, 25.37, 26.11
02/04/10, 22.63, 26.32, 22.63, 26.08
02/03/10, 22.11, 22.11, 21.33, 21.60
02/02/10, 22.59, 22.99, 21.08, 21.48
02/01/10, 24.33, 24.33, 22.58, 22.59
01/29/10, 23.73, 25.03, 22.11, 24.62
01/28/10, 22.79, 25.30, 22.69, 23.73
01/27/10, 24.81, 25.69, 23.14, 23.14
01/26/10, 26.03, 26.22, 22.77, 24.55
01/25/10, 27.32, 27.32, 24.61, 25.41
01/22/10, 22.27, 28.01, 22.27, 27.31
01/21/10, 18.59, 22.30, 18.27, 22.27
01/20/10, 18.51, 19.69, 18.44, 18.68
01/19/10, 18.63, 18.85, 17.33, 17.58
01/18/10, 17.63, 19.02, 17.63, 17.91
01/15/10, 17.63, 19.02, 17.63, 17.91
01/14/10, 18.16, 18.27, 17.38, 17.63
01/13/10, 17.94, 18.72, 17.56, 17.85
01/12/10, 17.95, 19.46, 17.95, 18.25
01/11/10, 16.93, 17.74, 16.86, 17.55
01/08/10, 19.27, 19.27, 18.11, 18.13
01/07/10, 19.68, 19.71, 18.70, 19.06
01/06/10, 19.59, 19.68, 18.77, 19.16
01/05/10, 20.05, 20.13, 19.34, 19.35
01/04/10, 21.68, 21.68, 20.03, 20.04
01/01/10, 19.96, 21.83, 19.89, 21.68
12/31/09, 19.96, 21.83, 19.89, 21.68
12/30/09, 20.36, 20.44, 19.93, 19.96
12/29/09, 19.87, 20.12, 19.62, 20.01
12/28/09, 20.29, 20.53, 19.90, 19.93
12/25/09, 19.67, 19.67, 19.25, 19.47
12/24/09, 19.67, 19.67, 19.25, 19.47
12/23/09, 19.54, 19.97, 19.35, 19.71
12/22/09, 20.39, 20.40, 19.54, 19.54
12/21/09, 21.46, 21.51, 20.28, 20.49
12/18/09, 21.84, 23.02, 21.68, 21.68
12/17/09, 21.89, 22.86, 21.40, 22.51
12/16/09, 20.89, 21.20, 20.46, 20.54
12/15/09, 21.09, 21.87, 20.91, 21.49
12/14/09, 21.59, 21.59, 20.57, 21.15
12/11/09, 21.45, 22.31, 21.39, 21.59
12/10/09, 22.66, 22.66, 21.77, 22.32
12/09/09, 23.21, 24.20, 22.54, 22.66
12/08/09, 23.28, 23.97, 22.84, 23.69
12/07/09, 22.32, 22.46, 21.60, 22.10
12/04/09, 21.18, 22.76, 20.62, 21.25
12/03/09, 21.15, 22.50, 20.61, 22.46
12/02/09, 21.89, 22.19, 21.01, 21.12
12/01/09, 24.51, 24.51, 21.88, 21.92
11/30/09, 24.95, 25.57, 24.19, 24.51
11/27/09, 25.75, 25.93, 23.12, 24.74
11/26/09, 20.23, 20.57, 20.05, 20.48
11/25/09, 20.23, 20.57, 20.05, 20.48
11/24/09, 21.28, 21.87, 20.35, 20.47
11/23/09, 21.98, 21.98, 20.90, 21.16
11/20/09, 23.45, 23.45, 22.14, 22.19
11/19/09, 21.63, 24.20, 21.63, 22.63
11/18/09, 22.35, 22.65, 21.63, 21.63
11/17/09, 22.81, 23.33, 22.27, 22.41
11/16/09, 23.36, 23.42, 22.02, 22.89
11/13/09, 24.25, 24.43, 23.22, 23.36
11/12/09, 23.04, 24.61, 22.91, 24.24
11/11/09, 22.84, 23.68, 21.61, 23.04
11/10/09, 23.15, 23.53, 22.78, 22.84
11/09/09, 24.19, 24.24, 22.78, 23.15
11/06/09, 26.17, 26.17, 24.06, 24.19
11/05/09, 27.28, 27.39, 25.41, 25.43
11/04/09, 28.81, 28.81, 26.61, 27.72
11/03/09, 30.62, 30.80, 28.77, 28.81
11/02/09, 30.70, 31.84, 28.07, 29.78
10/30/09, 24.76, 31.59, 24.76, 30.69
10/29/09, 27.16, 27.19, 24.68, 24.76
10/28/09, 24.83, 27.94, 24.83, 27.91
10/27/09, 24.38, 25.22, 24.03, 24.83
10/26/09, 23.06, 24.86, 21.89, 24.31
10/23/09, 20.70, 22.59, 20.34, 22.27
10/22/09, 22.22, 22.77, 20.33, 20.69
10/21/09, 20.90, 22.48, 20.10, 22.22
10/20/09, 21.55, 21.76, 20.90, 20.90
10/19/09, 21.41, 22.46, 20.91, 21.49
10/16/09, 21.72, 22.60, 20.98, 21.43
10/15/09, 23.51, 23.53, 21.49, 21.72
10/14/09, 22.08, 22.89, 21.55, 22.86
10/13/09, 23.00, 24.07, 22.74, 22.99
10/12/09, 23.12, 23.53, 22.67, 23.01
10/09/09, 24.39, 24.54, 22.99, 23.12
10/08/09, 24.68, 24.69, 23.90, 24.18
10/07/09, 25.78, 25.82, 24.57, 24.68
10/06/09, 26.39, 26.41, 25.19, 25.70
10/05/09, 29.34, 29.34, 26.57, 26.84
10/02/09, 29.34, 29.56, 27.98, 28.68
10/01/09, 25.98, 28.42, 25.98, 28.27
09/30/09, 25.19, 26.45, 24.76, 25.61
09/29/09, 24.88, 25.28, 24.54, 25.19
09/28/09, 26.26, 26.40, 24.85, 24.88
09/25/09, 25.18, 26.34, 24.81, 25.61
09/24/09, 23.67, 25.37, 23.44, 24.95
09/23/09, 22.90, 23.69, 22.19, 23.49
09/22/09, 23.81, 23.98, 23.06, 23.08
09/21/09, 25.34, 25.51, 23.71, 24.06
09/18/09, 23.65, 24.43, 23.14, 23.92
09/17/09, 23.99, 24.07, 22.79, 23.65
09/16/09, 23.29, 23.92, 22.78, 23.69
09/15/09, 23.90, 24.27, 23.07, 23.42
09/14/09, 25.39, 25.39, 23.32, 23.86
09/11/09, 23.49, 24.33, 22.48, 24.15
09/10/09, 24.40, 24.76, 22.82, 23.55
09/09/09, 25.66, 25.93, 24.23, 24.32
09/08/09, 25.26, 26.15, 25.26, 25.62
09/07/09, 26.98, 26.98, 24.86, 25.26
09/04/09, 26.98, 26.98, 24.86, 25.26
09/03/09, 28.90, 28.90, 26.98, 27.10
09/02/09, 29.14, 29.57, 28.41, 28.90
09/01/09, 26.01, 29.23, 26.00, 29.15
08/31/09, 24.76, 27.01, 24.76, 26.01
08/28/09, 24.44, 25.50, 24.28, 24.76
08/27/09, 25.13, 25.89, 24.43, 24.68
08/26/09, 24.91, 25.56, 24.69, 24.95
08/25/09, 25.13, 25.13, 23.68, 24.92
08/24/09, 25.01, 25.70, 25.01, 25.14
08/21/09, 24.49, 25.06, 23.91, 25.01
08/20/09, 26.45, 26.45, 24.75, 25.09
08/19/09, 28.08, 28.14, 26.14, 26.26
08/18/09, 27.89, 27.89, 26.08, 26.18
08/17/09, 24.27, 28.39, 24.27, 27.89
08/14/09, 24.77, 25.94, 24.26, 24.27
08/13/09, 25.34, 26.15, 24.71, 24.71
08/12/09, 25.99, 26.50, 25.11, 25.45
08/11/09, 24.98, 26.98, 24.98, 25.99
08/10/09, 24.76, 25.82, 24.76, 24.99
08/07/09, 24.71, 24.95, 23.98, 24.76
08/06/09, 24.90, 26.15, 24.47, 25.67
08/05/09, 24.91, 25.85, 24.86, 24.90
08/04/09, 25.55, 26.16, 24.89, 24.89
08/03/09, 25.92, 26.49, 25.56, 25.56
07/31/09, 25.40, 26.22, 24.93, 25.92
07/30/09, 25.40, 25.76, 24.85, 25.40
07/29/09, 25.47, 26.18, 25.41, 25.61
07/28/09, 24.28, 25.61, 24.28, 25.01
07/27/09, 24.06, 24.86, 24.02, 24.28
07/24/09, 23.87, 23.87, 23.00, 23.09
07/23/09, 23.71, 24.05, 23.21, 23.43
07/22/09, 24.05, 24.14, 23.24, 23.47
07/21/09, 24.28, 25.14, 23.81, 23.87
07/20/09, 25.06, 25.42, 24.26, 24.40
07/17/09, 25.42, 25.55, 23.88, 24.34
07/16/09, 25.96, 26.18, 24.51, 25.42
07/15/09, 25.05, 26.06, 23.83, 25.89
07/14/09, 26.31, 26.84, 24.99, 25.02
07/13/09, 28.36, 29.24, 25.42, 26.31
07/10/09, 29.78, 30.34, 28.82, 29.02
07/09/09, 30.23, 30.49, 29.28, 29.78
07/08/09, 30.85, 33.05, 30.43, 31.30
07/07/09, 29.00, 30.94, 28.90, 30.85
07/06/09, 30.32, 30.60, 28.99, 29.00
07/03/09, 26.22, 28.62, 26.22, 27.95
07/02/09, 26.22, 28.62, 26.22, 27.95
07/01/09, 25.73, 26.31, 24.80, 26.22
06/30/09, 25.36, 27.38, 25.02, 26.35
06/29/09, 25.93, 27.18, 25.29, 25.35
06/26/09, 27.09, 27.22, 25.76, 25.93
06/25/09, 29.45, 29.56, 26.30, 26.36
06/24/09, 30.58, 30.58, 28.79, 29.05
06/23/09, 31.30, 31.54, 30.19, 30.58
06/22/09, 30.40, 32.05, 30.30, 31.17
06/19/09, 29.16, 29.32, 27.56, 27.99
06/18/09, 31.54, 31.54, 29.60, 30.03
06/17/09, 31.19, 32.77, 30.64, 31.54
06/16/09, 30.81, 32.75, 30.07, 32.68
06/15/09, 29.70, 31.09, 29.64, 30.81
06/12/09, 28.08, 28.50, 27.73, 28.15
06/11/09, 27.36, 28.11, 26.81, 28.11
06/10/09, 26.90, 29.74, 26.90, 28.46
06/09/09, 29.77, 29.77, 27.79, 28.27
06/08/09, 30.88, 31.82, 29.33, 29.77
06/05/09, 29.39, 30.81, 28.85, 29.62
06/04/09, 31.02, 31.02, 29.92, 30.18
06/03/09, 29.62, 31.79, 29.62, 31.02
06/02/09, 30.04, 30.13, 28.30, 29.63
06/01/09, 28.70, 30.05, 28.45, 30.04
05/29/09, 31.67, 31.67, 28.85, 28.92
05/28/09, 31.54, 33.32, 31.10, 31.67
05/27/09, 30.80, 32.53, 29.62, 32.36
05/26/09, 34.57, 34.57, 30.38, 30.62
05/25/09, 31.36, 32.71, 30.57, 32.63
05/22/09, 31.36, 32.71, 30.57, 32.63
05/21/09, 29.03, 32.77, 29.03, 31.35
05/20/09, 27.47, 29.16, 26.57, 29.03
05/19/09, 30.23, 30.32, 28.35, 28.80
05/18/09, 32.91, 32.91, 30.00, 30.24
05/15/09, 31.36, 33.61, 30.59, 33.12
05/14/09, 33.65, 33.96, 31.32, 31.37
05/13/09, 32.97, 33.99, 32.56, 33.65
05/12/09, 32.68, 33.29, 31.57, 31.80
05/11/09, 32.05, 34.08, 32.05, 32.87
05/08/09, 32.36, 32.72, 31.19, 32.05
05/07/09, 32.10, 34.56, 31.91, 33.44
05/06/09, 33.36, 33.70, 32.43, 32.45
05/05/09, 34.54, 35.14, 33.36, 33.36
05/04/09, 35.30, 36.24, 34.31, 34.53
05/01/09, 36.50, 36.88, 34.88, 35.30
04/30/09, 36.09, 36.71, 34.50, 36.50
04/29/09, 37.95, 37.95, 35.37, 36.08
04/28/09, 39.43, 39.64, 37.42, 37.95
04/27/09, 39.46, 39.52, 37.97, 38.32
04/24/09, 36.86, 37.53, 36.37, 36.82
04/23/09, 38.10, 38.52, 37.01, 37.15
04/22/09, 37.14, 38.19, 36.01, 38.10
04/21/09, 40.27, 40.29, 36.95, 37.14
04/20/09, 33.94, 39.58, 33.94, 39.18
04/17/09, 35.36, 35.52, 33.68, 33.94
04/16/09, 36.04, 36.80, 34.88, 35.79
04/15/09, 37.85, 38.06, 36.10, 36.17
04/14/09, 37.95, 38.50, 36.88, 37.67
04/13/09, 38.32, 38.91, 37.51, 37.81
04/10/09, 37.22, 37.74, 36.53, 36.53
04/09/09, 37.22, 37.74, 36.53, 36.53
04/08/09, 40.39, 40.86, 38.70, 38.85
04/07/09, 41.48, 42.50, 40.36, 40.39
04/06/09, 41.96, 43.02, 40.83, 40.93
04/03/09, 42.03, 42.03, 39.64, 39.70
04/02/09, 42.28, 42.68, 40.30, 42.04
04/01/09, 45.42, 45.60, 42.26, 42.28
03/31/09, 45.54, 45.54, 42.27, 44.14
03/30/09, 44.86, 46.28, 44.86, 45.54
03/27/09, 40.36, 42.13, 40.36, 41.04
03/26/09, 42.25, 42.25, 40.17, 40.36
03/25/09, 42.35, 44.20, 40.81, 42.25
03/24/09, 43.24, 44.00, 41.63, 42.93
03/23/09, 45.89, 45.89, 41.27, 43.23
03/20/09, 43.60, 47.63, 43.07, 45.89
03/19/09, 40.06, 44.17, 38.79, 43.68
03/18/09, 41.14, 42.39, 38.98, 40.06
03/17/09, 44.23, 44.59, 40.74, 40.80
03/16/09, 42.36, 44.23, 42.36, 43.74
03/13/09, 40.99, 43.52, 40.03, 42.36
03/12/09, 43.53, 43.98, 40.75, 41.18
03/11/09, 43.35, 44.26, 42.36, 43.61
03/10/09, 49.68, 49.68, 43.88, 44.37
03/09/09, 49.35, 51.34, 48.40, 49.68
03/06/09, 50.17, 51.95, 47.65, 49.33
03/05/09, 47.56, 51.95, 46.98, 50.17
03/04/09, 48.02, 48.83, 45.02, 47.56
03/03/09, 52.65, 52.76, 48.50, 50.93
03/02/09, 49.96, 53.25, 48.35, 52.65
02/27/09, 44.66, 47.34, 44.46, 46.35
02/26/09, 43.75, 45.33, 41.91, 44.66
02/25/09, 45.73, 47.23, 42.84, 44.67
02/24/09, 52.50, 52.56, 44.28, 45.49
02/23/09, 49.30, 53.16, 48.97, 52.62
02/20/09, 47.08, 52.04, 47.08, 49.30
02/19/09, 48.54, 48.54, 44.81, 47.08
02/18/09, 48.66, 50.29, 46.00, 48.46
02/17/09, 48.14, 51.18, 46.96, 48.66
02/16/09, 41.60, 43.02, 40.73, 42.93
02/13/09, 41.60, 43.02, 40.73, 42.93
02/12/09, 44.52, 47.58, 41.21, 41.25
02/11/09, 46.67, 46.67, 44.50, 44.53
02/10/09, 45.14, 48.12, 44.18, 46.67
02/09/09, 45.40, 45.45, 43.04, 43.64
02/06/09, 43.71, 43.71, 41.20, 43.37
02/05/09, 43.83, 46.23, 42.32, 43.73
02/04/09, 43.06, 44.52, 41.39, 43.85
02/03/09, 45.52, 45.52, 42.43, 43.06
02/02/09, 49.42, 49.54, 45.26, 45.52
01/30/09, 42.63, 45.53, 42.09, 44.84
01/29/09, 41.34, 43.03, 41.12, 42.63
01/28/09, 42.25, 42.25, 38.09, 39.66
01/27/09, 45.11, 45.93, 42.20, 42.25
01/26/09, 47.89, 47.93, 44.29, 45.69
01/23/09, 50.39, 51.11, 46.43, 47.27
01/22/09, 50.65, 51.76, 46.51, 47.29
01/21/09, 51.52, 54.12, 46.15, 46.42
01/20/09, 50.12, 57.36, 49.27, 56.65
01/19/09, 51.00, 51.00, 45.96, 46.11
01/16/09, 51.00, 51.00, 45.96, 46.11
01/15/09, 49.14, 55.16, 49.14, 51.00
01/14/09, 46.24, 51.55, 46.14, 49.14
01/13/09, 45.84, 47.08, 43.23, 43.27
01/12/09, 42.06, 46.62, 41.94, 45.84
01/09/09, 41.18, 43.13, 41.05, 42.82
01/08/09, 43.38, 44.60, 42.56, 42.56
01/07/09, 40.29, 43.82, 40.12, 43.39
01/06/09, 38.06, 39.33, 37.34, 38.56
01/05/09, 39.24, 40.22, 38.30, 39.08
01/02/09, 39.58, 39.82, 36.88, 39.19
01/01/09, 41.63, 41.63, 37.96, 40.00
12/31/08, 41.63, 41.63, 37.96, 40.00
12/30/08, 41.63, 41.63, 41.63, 41.63
12/29/08, 43.35, 46.24, 42.16, 43.90
12/26/08, 44.27, 44.36, 42.92, 43.38
12/24/08, 45.02, 45.02, 44.15, 44.21
12/23/08, 43.19, 45.39, 41.68, 45.02
12/22/08, 44.93, 46.69, 42.75, 44.56
12/19/08, 46.01, 46.01, 41.29, 44.93
12/18/08, 49.84, 49.84, 44.50, 47.34
12/17/08, 52.00, 52.19, 49.36, 49.84
12/16/08, 56.76, 56.76, 50.91, 52.37
12/15/08, 55.68, 58.49, 55.68, 56.76
12/12/08, 55.78, 58.84, 54.26, 54.28
12/11/08, 55.08, 56.44, 52.94, 55.78
12/10/08, 58.91, 58.91, 53.79, 55.73
12/09/08, 59.48, 59.57, 56.37, 58.91
12/08/08, 58.86, 59.87, 57.35, 58.49
12/05/08, 63.64, 66.54, 59.26, 59.93
12/04/08, 62.19, 65.08, 60.21, 63.64
12/03/08, 62.98, 65.37, 60.18, 60.72
12/02/08, 66.68, 67.01, 62.31, 62.98
12/01/08, 60.47, 68.60, 60.36, 68.51
11/28/08, 56.02, 56.82, 50.50, 55.28
11/26/08, 60.90, 62.50, 54.62, 54.92
11/25/08, 64.76, 65.49, 60.25, 60.90
11/24/08, 71.19, 71.35, 61.81, 64.70
11/21/08, 80.74, 80.74, 71.63, 72.67
11/20/08, 74.26, 81.48, 72.76, 80.86
11/19/08, 68.46, 75.00, 67.34, 74.26
11/18/08, 70.09, 73.13, 67.18, 67.64
11/17/08, 69.57, 69.59, 65.10, 69.15
11/14/08, 62.60, 66.31, 59.75, 66.31
11/13/08, 66.45, 69.99, 58.66, 59.83
11/12/08, 61.52, 67.19, 61.52, 66.46
11/11/08, 59.98, 64.73, 58.58, 61.44
11/10/08, 56.09, 62.09, 54.63, 59.98
11/07/08, 63.68, 63.68, 56.03, 56.10
11/06/08, 56.71, 64.78, 55.60, 63.68
11/05/08, 47.73, 55.62, 46.87, 54.56
11/04/08, 53.68, 53.68, 44.25, 47.73
11/03/08, 60.17, 60.77, 53.63, 53.68
10/31/08, 62.93, 65.85, 56.73, 59.89
10/30/08, 69.83, 69.83, 62.67, 62.90
10/29/08, 66.96, 71.14, 62.72, 69.96
10/28/08, 73.30, 78.98, 65.66, 66.96
10/27/08, 79.13, 81.65, 65.90, 80.06
10/24/08, 67.80, 89.53, 67.80, 79.13
10/23/08, 68.03, 79.43, 64.43, 67.80
10/22/08, 63.12, 72.56, 60.05, 69.65
10/21/08, 52.95, 56.37, 50.91, 53.11
10/20/08, 70.40, 70.40, 52.70, 52.97
10/17/08, 67.65, 74.48, 59.82, 70.33
10/16/08, 69.21, 81.17, 66.51, 67.61
10/15/08, 55.69, 69.47, 55.69, 69.25
10/14/08, 55.10, 59.81, 46.35, 55.13
10/13/08, 69.95, 71.42, 54.69, 54.99
10/10/08, 65.85, 76.94, 65.63, 69.95
10/09/08, 57.57, 64.92, 52.54, 63.92
10/08/08, 53.68, 59.06, 51.90, 57.53
10/07/08, 52.05, 54.19, 47.03, 53.68
10/06/08, 45.12, 58.24, 45.12, 52.05
10/03/08, 45.22, 45.52, 41.51, 45.14
10/02/08, 39.82, 46.48, 39.82, 45.26
10/01/08, 39.39, 42.38, 39.39, 39.81
09/30/08, 43.77, 43.80, 38.86, 39.39
09/29/08, 36.92, 48.40, 36.92, 46.72
09/26/08, 32.82, 36.40, 32.82, 34.74
09/25/08, 35.19, 35.19, 32.45, 32.82
09/24/08, 35.70, 36.71, 34.16, 35.19
09/23/08, 33.85, 36.08, 32.63, 35.72
09/22/08, 32.40, 34.22, 30.81, 33.85
09/19/08, 33.07, 33.08, 27.95, 32.07
09/18/08, 36.10, 42.16, 33.10, 33.10
09/17/08, 31.96, 36.40, 30.25, 36.22
09/16/08, 31.70, 33.70, 30.24, 30.30
09/15/08, 25.66, 31.87, 25.66, 31.70
09/12/08, 24.80, 26.67, 24.80, 25.66
09/11/08, 25.38, 26.25, 24.39, 24.39
09/10/08, 25.47, 25.48, 23.80, 24.52
09/09/08, 22.69, 25.68, 22.58, 25.47
09/08/08, 22.22, 24.06, 22.12, 22.64
09/05/08, 24.54, 24.71, 22.97, 23.06
09/04/08, 22.02, 24.15, 21.91, 24.03
09/03/08, 21.99, 22.30, 21.39, 21.43
09/02/08, 20.65, 22.30, 20.47, 21.99
08/29/08, 19.43, 20.71, 19.43, 20.65
08/28/08, 19.36, 19.66, 19.22, 19.43
08/27/08, 20.48, 20.67, 19.53, 19.76
08/26/08, 20.98, 21.27, 20.48, 20.49
08/25/08, 18.78, 21.22, 18.78, 20.97
08/22/08, 19.83, 19.83, 18.64, 18.81
08/21/08, 20.43, 21.08, 18.94, 19.82
08/20/08, 21.30, 21.67, 20.39, 20.42
08/19/08, 21.76, 22.14, 21.28, 21.28
08/18/08, 19.58, 21.44, 19.58, 20.98
08/15/08, 20.24, 20.65, 19.57, 19.58
08/14/08, 22.30, 22.30, 20.07, 20.34
08/13/08, 21.57, 22.11, 20.80, 21.55
08/12/08, 20.64, 21.51, 20.38, 21.17
08/11/08, 20.66, 20.96, 19.66, 20.12
08/08/08, 21.15, 21.69, 20.11, 20.66
08/07/08, 20.23, 21.46, 20.23, 21.15
08/06/08, 21.66, 21.66, 19.75, 20.23
08/05/08, 22.99, 22.99, 20.06, 21.14
08/04/08, 23.53, 23.86, 22.94, 23.49
08/01/08, 22.66, 23.37, 22.35, 22.57
07/31/08, 22.33, 22.96, 21.45, 22.94
07/30/08, 22.03, 22.31, 20.99, 21.21
07/29/08, 24.20, 24.22, 21.96, 22.03
07/28/08, 22.91, 24.62, 22.91, 24.23
07/25/08, 23.45, 23.45, 22.31, 22.91
07/24/08, 21.31, 23.61, 21.31, 23.44
07/23/08, 21.23, 22.08, 20.73, 21.31
07/22/08, 24.02, 24.08, 21.05, 21.18
07/21/08, 24.05, 24.58, 23.04, 23.05
07/18/08, 25.01, 25.19, 23.78, 24.05
07/17/08, 24.58, 25.50, 23.99, 25.01
07/16/08, 28.19, 28.32, 24.87, 25.10
07/15/08, 28.47, 30.81, 27.01, 28.54
07/14/08, 27.49, 29.30, 26.90, 28.48
07/11/08, 25.56, 29.44, 25.56, 27.49
07/10/08, 25.22, 26.62, 25.07, 25.59
07/09/08, 23.16, 25.39, 22.59, 25.23
07/08/08, 25.72, 26.05, 23.02, 23.15
07/07/08, 25.48, 26.91, 24.73, 25.78
07/03/08, 25.92, 26.08, 24.44, 24.78
07/02/08, 23.40, 25.96, 22.70, 25.92
07/01/08, 25.14, 25.57, 23.64, 23.65
06/30/08, 24.25, 24.26, 23.27, 23.95
06/27/08, 23.75, 24.56, 23.30, 23.44
06/26/08, 22.23, 23.99, 22.15, 23.93
06/25/08, 22.42, 22.42, 20.34, 21.14
06/24/08, 22.69, 23.48, 21.68, 22.42
06/23/08, 22.89, 23.14, 22.52, 22.64
06/20/08, 21.58, 23.70, 21.58, 22.87
06/19/08, 22.24, 22.61, 20.91, 21.58
06/18/08, 21.67, 22.86, 21.26, 22.24
06/17/08, 20.96, 21.42, 20.02, 21.13
06/16/08, 21.22, 22.84, 20.73, 20.95
06/13/08, 23.02, 23.14, 21.04, 21.22
06/12/08, 23.61, 23.98, 21.91, 23.33
06/11/08, 23.44, 24.30, 22.86, 24.12
06/10/08, 24.37, 24.42, 22.31, 23.18
06/09/08, 23.56, 24.47, 20.78, 23.12
06/06/08, 18.63, 23.79, 18.63, 23.56
06/05/08, 20.54, 20.59, 18.62, 18.63
06/04/08, 20.64, 21.31, 19.76, 20.80
06/03/08, 19.80, 21.00, 18.89, 20.24
06/02/08, 17.83, 20.45, 17.83, 19.83
05/30/08, 18.14, 18.21, 17.56, 17.83
05/29/08, 19.08, 19.17, 17.54, 18.14
05/28/08, 19.64, 20.03, 19.01, 19.07
05/27/08, 20.78, 20.95, 19.42, 19.64
05/23/08, 18.58, 19.80, 18.38, 19.55
05/22/08, 18.92, 19.11, 17.82, 18.05
05/21/08, 17.64, 18.89, 17.01, 18.59
05/20/08, 17.02, 18.42, 17.02, 17.58
05/19/08, 16.47, 17.89, 15.82, 17.01
05/16/08, 16.30, 17.92, 16.30, 16.47
05/15/08, 17.65, 17.84, 16.25, 16.30
05/14/08, 17.98, 17.98, 16.74, 17.66
05/13/08, 17.79, 18.63, 17.76, 17.98
05/12/08, 19.17, 19.48, 16.92, 17.79
05/09/08, 19.98, 20.01, 19.30, 19.41
05/08/08, 19.73, 19.92, 18.62, 19.40
05/07/08, 18.48, 19.98, 18.42, 19.73
05/06/08, 18.90, 19.57, 18.11, 18.21
05/05/08, 18.68, 19.29, 18.68, 18.90
05/02/08, 18.87, 19.11, 17.97, 18.18
05/01/08, 20.78, 20.83, 18.87, 18.88
04/30/08, 20.24, 20.81, 19.69, 20.79
04/29/08, 19.86, 20.54, 19.63, 20.24
04/28/08, 20.14, 20.25, 19.37, 19.64
04/25/08, 19.60, 20.36, 19.28, 19.59
04/24/08, 20.26, 20.77, 19.21, 20.06
04/23/08, 20.63, 20.95, 19.88, 20.26
04/22/08, 20.47, 21.60, 20.47, 20.87
04/21/08, 20.15, 21.12, 20.15, 20.50
04/18/08, 20.37, 20.37, 19.21, 20.13
04/17/08, 21.13, 21.54, 20.35, 20.37
04/16/08, 22.03, 22.09, 20.50, 20.53
04/15/08, 23.84, 23.99, 22.72, 22.78
04/14/08, 23.46, 24.35, 23.46, 23.82
04/11/08, 23.03, 23.59, 22.65, 23.46
04/10/08, 22.80, 23.22, 21.63, 21.98
04/09/08, 22.36, 23.57, 22.36, 22.81
04/08/08, 22.42, 23.16, 22.36, 22.36
04/07/08, 22.45, 22.73, 21.21, 22.42
04/04/08, 23.00, 23.31, 21.75, 22.45
04/03/08, 23.84, 24.15, 23.00, 23.21
04/02/08, 22.64, 23.65, 22.39, 23.43
04/01/08, 25.61, 25.61, 22.52, 22.68
03/31/08, 25.71, 26.77, 25.35, 25.61
03/28/08, 25.81, 25.96, 25.04, 25.71
03/27/08, 25.55, 25.98, 24.91, 25.88
03/26/08, 25.75, 26.85, 25.51, 26.08
03/25/08, 25.75, 26.42, 25.17, 25.72
03/24/08, 26.64, 27.04, 24.75, 25.73
03/20/08, 29.84, 29.84, 25.80, 26.62
03/19/08, 25.78, 29.95, 25.16, 29.84
03/18/08, 32.24, 32.24, 25.58, 25.79
03/17/08, 35.14, 35.60, 31.10, 32.24
03/14/08, 27.31, 32.89, 26.02, 31.16
03/13/08, 27.22, 29.62, 25.65, 27.29
03/12/08, 26.39, 27.25, 24.90, 27.22
03/11/08, 27.25, 28.64, 26.35, 26.36
03/10/08, 28.13, 29.73, 27.92, 29.38
03/07/08, 28.52, 29.29, 22.29, 27.49
03/06/08, 25.45, 27.90, 25.04, 27.55
03/05/08, 25.52, 25.77, 23.30, 24.60
03/04/08, 27.19, 27.42, 25.51, 25.52
03/03/08, 27.54, 28.13, 26.27, 26.28
02/29/08, 23.54, 26.91, 23.54, 26.54
02/28/08, 22.69, 23.79, 22.69, 23.53
02/27/08, 21.90, 23.01, 21.83, 22.69
02/26/08, 23.44, 23.45, 21.64, 21.90
02/25/08, 24.06, 25.07, 22.69, 23.03
02/22/08, 24.99, 25.93, 23.62, 24.06
02/21/08, 24.42, 25.45, 23.74, 25.12
02/20/08, 25.60, 26.95, 24.21, 24.40
02/19/08, 25.39, 26.59, 24.73, 25.59
02/15/08, 25.58, 25.67, 24.45, 25.02
02/14/08, 24.64, 25.64, 23.98, 25.54
02/13/08, 25.67, 26.06, 24.57, 24.88
02/12/08, 26.56, 27.17, 25.25, 26.33
02/11/08, 29.14, 29.57, 27.32, 27.60
02/08/08, 27.98, 28.89, 27.22, 28.01
02/07/08, 29.51, 29.70, 26.78, 27.66
02/06/08, 27.75, 29.31, 27.04, 28.97
02/05/08, 27.20, 28.49, 27.20, 28.24
02/04/08, 25.09, 26.03, 24.85, 25.99
02/01/08, 25.66, 25.75, 24.02, 24.02
01/31/08, 28.78, 28.81, 25.45, 26.20
01/30/08, 27.53, 28.34, 24.74, 27.62
01/29/08, 26.61, 27.96, 26.55, 27.32
01/28/08, 29.67, 30.26, 27.57, 27.78
01/25/08, 26.19, 29.76, 25.93, 29.08
01/24/08, 28.07, 28.48, 27.03, 27.78
01/23/08, 33.84, 34.42, 28.47, 29.02
01/22/08, 35.12, 37.57, 29.71, 31.01
01/18/08, 27.55, 29.30, 26.27, 27.18
01/17/08, 24.11, 28.51, 23.87, 28.46
01/16/08, 23.90, 24.38, 22.85, 24.38
01/15/08, 24.10, 24.59, 22.97, 23.34
01/14/08, 23.76, 23.93, 22.65, 22.90
01/11/08, 24.04, 24.41, 23.22, 23.68
01/10/08, 24.56, 24.61, 22.62, 23.45
01/09/08, 25.61, 25.95, 23.90, 24.12
01/08/08, 23.27, 25.60, 22.63, 25.43
01/07/08, 24.62, 24.88, 23.30, 23.79
01/04/08, 23.94, 24.30, 23.25, 23.94
01/03/08, 22.49, 23.27, 22.11, 22.49
01/02/08, 23.17, 24.05, 22.40, 23.17
12/31/07, 22.50, 22.75, 21.79, 22.50
12/28/07, 20.74, 21.05, 19.44, 20.74
12/27/07, 20.26, 20.51, 19.15, 20.26
12/26/07, 18.66, 19.47, 18.60, 18.66
12/24/07, 18.60, 19.42, 18.48, 18.60
12/21/07, 18.47, 19.82, 18.28, 18.47
12/20/07, 20.58, 21.67, 20.58, 20.58
12/19/07, 21.68, 22.68, 21.30, 21.68
12/18/07, 22.64, 24.60, 22.41, 22.64
12/17/07, 24.52, 24.86, 23.42, 24.52
12/14/07, 23.27, 23.53, 22.26, 23.27
12/13/07, 22.56, 24.04, 22.41, 22.56
12/12/07, 22.47, 24.22, 20.49, 22.47
12/11/07, 23.59, 23.70, 19.77, 23.59
12/10/07, 20.74, 21.46, 20.36, 20.74
12/07/07, 20.85, 21.01, 20.29, 20.85
12/06/07, 20.96, 22.75, 20.87, 20.96
12/05/07, 22.53, 23.03, 21.87, 22.53
12/04/07, 23.79, 24.59, 23.32, 23.79
12/03/07, 23.61, 24.49, 23.40, 23.61
11/30/07, 22.87, 23.39, 22.00, 22.87
11/29/07, 23.97, 24.61, 23.35, 23.97
11/28/07, 24.11, 25.14, 23.55, 24.11
11/27/07, 26.28, 28.24, 26.23, 26.28
11/26/07, 28.91, 28.95, 25.84, 28.91
11/23/07, 25.61, 26.42, 25.35, 25.61
11/21/07, 26.84, 27.77, 24.55, 26.84
11/20/07, 24.88, 27.35, 23.62, 24.88
11/19/07, 26.01, 27.18, 25.74, 26.01
11/16/07, 25.49, 28.12, 25.12, 25.49
11/15/07, 28.06, 29.31, 25.98, 28.06
11/14/07, 25.94, 27.03, 23.07, 25.94
11/13/07, 24.10, 27.50, 23.82, 24.10
11/12/07, 31.09, 31.09, 24.47, 31.09
11/09/07, 28.50, 28.84, 26.21, 28.50
11/08/07, 26.16, 29.15, 25.32, 26.16
11/07/07, 26.49, 26.85, 22.75, 26.49
11/06/07, 21.39, 23.74, 21.24, 21.39
11/05/07, 24.31, 25.46, 23.61, 24.31
11/02/07, 23.01, 25.17, 22.56, 23.01
11/01/07, 23.21, 24.15, 17.38, 23.21
10/31/07, 18.53, 22.09, 18.30, 18.53
10/30/07, 21.07, 21.15, 20.31, 21.07
10/29/07, 19.87, 20.24, 19.54, 19.87
10/26/07, 19.56, 20.97, 19.48, 19.56
10/25/07, 21.17, 22.40, 20.04, 21.17
10/24/07, 20.80, 24.15, 20.59, 20.80
10/23/07, 20.41, 21.43, 20.13, 20.41
10/22/07, 21.64, 23.94, 21.38, 21.64
10/19/07, 22.96, 22.96, 19.02, 22.96
10/18/07, 18.50, 19.56, 17.73, 18.50
10/17/07, 18.54, 20.11, 18.28, 18.54
10/16/07, 20.02, 20.75, 19.73, 20.02
10/15/07, 19.25, 20.01, 17.95, 19.25
10/12/07, 17.73, 18.74, 17.49, 17.73
10/11/07, 18.88, 19.73, 16.08, 18.88
10/10/07, 16.67, 17.35, 16.39, 16.67
10/09/07, 16.12, 17.28, 16.09, 16.12
10/08/07, 17.46, 17.83, 17.32, 17.46
10/05/07, 16.91, 17.56, 16.44, 16.91
10/04/07, 18.44, 18.65, 18.26, 18.44
10/03/07, 18.80, 18.99, 18.31, 18.80
10/02/07, 18.49, 18.89, 17.60, 18.49
10/01/07, 17.84, 18.44, 17.11, 17.84
09/28/07, 18.00, 18.22, 16.91, 18.00
09/27/07, 17.00, 17.47, 16.95, 17.00
09/26/07, 17.63, 18.18, 17.30, 17.63
09/25/07, 18.60, 20.46, 18.44, 18.60
09/24/07, 19.37, 19.62, 18.32, 19.37
09/21/07, 19.00, 19.81, 18.37, 19.00
09/20/07, 20.45, 20.82, 19.55, 20.45
09/19/07, 20.03, 20.57, 19.17, 20.03
09/18/07, 20.35, 26.23, 20.27, 20.35
09/17/07, 26.48, 27.08, 25.80, 26.48
09/14/07, 24.92, 26.48, 24.68, 24.92
09/13/07, 24.76, 25.32, 23.83, 24.76
09/12/07, 24.96, 26.21, 24.57, 24.96
09/11/07, 25.27, 27.21, 25.19, 25.27
09/10/07, 27.38, 28.82, 26.56, 27.38
09/07/07, 26.23, 26.97, 25.60, 26.23
09/06/07, 23.99, 25.14, 23.66, 23.99
09/05/07, 24.58, 25.45, 23.80, 24.58
09/04/07, 22.78, 24.81, 21.71, 22.78
08/31/07, 23.38, 24.07, 22.47, 23.38
08/30/07, 25.06, 25.58, 23.69, 25.06
08/29/07, 23.81, 26.02, 23.44, 23.81
08/28/07, 26.30, 26.57, 23.72, 26.30
08/27/07, 22.72, 22.83, 21.96, 22.72
08/24/07, 20.72, 23.03, 20.44, 20.72
08/23/07, 22.62, 23.61, 22.05, 22.62
08/22/07, 22.89, 24.44, 22.87, 22.89
08/21/07, 25.25, 26.72, 24.77, 25.25
08/20/07, 26.33, 29.95, 25.80, 26.33
08/17/07, 29.99, 31.46, 25.23, 29.99
08/16/07, 30.83, 37.50, 30.44, 30.83
08/15/07, 30.67, 31.76, 26.16, 30.67
08/14/07, 27.68, 28.29, 25.31, 27.68
08/13/07, 26.57, 28.02, 25.48, 26.57
08/10/07, 28.30, 29.84, 26.91, 28.30
08/09/07, 26.48, 26.90, 23.84, 26.48
08/08/07, 21.45, 22.95, 19.33, 21.45
08/07/07, 21.56, 23.74, 20.79, 21.56
08/06/07, 22.94, 26.47, 22.44, 22.94
08/03/07, 25.16, 25.55, 21.09, 25.16
08/02/07, 21.22, 23.00, 21.20, 21.22
08/01/07, 23.67, 26.22, 23.26, 23.67
07/31/07, 23.52, 23.93, 19.68, 23.52
07/30/07, 20.87, 23.64, 20.86, 20.87
07/27/07, 24.17, 24.17, 19.60, 24.17
07/26/07, 20.74, 23.36, 19.30, 20.74
07/25/07, 18.10, 19.46, 17.38, 18.10
07/24/07, 18.55, 19.09, 17.48, 18.55
07/23/07, 16.81, 17.09, 16.39, 16.81
07/20/07, 16.95, 18.53, 15.36, 16.95
07/19/07, 15.23, 15.62, 15.06, 15.23
07/18/07, 16.00, 17.06, 15.95, 16.00
07/17/07, 15.63, 15.78, 15.31, 15.63
07/16/07, 15.59, 15.83, 15.27, 15.59
07/13/07, 15.15, 15.51, 14.79, 15.15
07/12/07, 15.54, 16.39, 14.93, 15.54
07/11/07, 16.64, 17.91, 16.64, 16.64
07/10/07, 17.57, 17.68, 15.83, 17.57
07/09/07, 15.16, 15.69, 15.03, 15.16
07/06/07, 14.72, 15.59, 14.67, 14.72
07/05/07, 15.48, 15.95, 15.17, 15.48
07/03/07, 14.92, 15.30, 14.85, 14.92
07/02/07, 15.40, 16.48, 15.31, 15.40
06/29/07, 16.23, 17.13, 14.62, 16.23
06/28/07, 15.54, 15.71, 14.98, 15.54
06/27/07, 15.53, 18.98, 15.44, 15.53
06/26/07, 18.89, 18.89, 16.21, 18.89
06/25/07, 16.65, 17.24, 15.41, 16.65
06/22/07, 15.75, 16.58, 14.31, 15.75
06/21/07, 14.21, 15.56, 14.17, 14.21
06/20/07, 14.67, 14.76, 12.75, 14.67
06/19/07, 12.85, 13.80, 12.79, 12.85
06/18/07, 13.42, 14.51, 13.35, 13.42
06/15/07, 13.94, 13.97, 12.58, 13.94
06/14/07, 13.64, 14.82, 13.59, 13.64
06/13/07, 14.73, 16.10, 14.67, 14.73
06/12/07, 16.67, 16.70, 14.77, 16.67
06/11/07, 14.71, 15.47, 14.24, 14.71
06/08/07, 14.84, 16.78, 14.73, 14.84
06/07/07, 17.06, 17.09, 14.89, 17.06
06/06/07, 14.87, 15.06, 14.06, 14.87
06/05/07, 13.63, 14.17, 13.54, 13.63
06/04/07, 13.29, 13.54, 13.21, 13.29
06/01/07, 12.78, 13.01, 12.43, 12.78
05/31/07, 13.05, 13.18, 12.62, 13.05
05/30/07, 12.83, 14.29, 12.82, 12.83
05/29/07, 13.53, 13.95, 13.31, 13.53
05/25/07, 13.34, 13.87, 13.23, 13.34
05/24/07, 14.08, 14.36, 12.92, 14.08
05/23/07, 13.24, 13.28, 12.55, 13.24
05/22/07, 13.06, 13.38, 12.08, 13.06
05/21/07, 13.30, 13.30, 12.70, 13.30
05/18/07, 12.76, 13.22, 12.69, 12.76
05/17/07, 13.51, 13.82, 13.25, 13.51
05/16/07, 13.50, 14.18, 13.47, 13.50
05/15/07, 14.01, 14.30, 13.27, 14.01
05/14/07, 13.96, 14.43, 13.01, 13.96
05/11/07, 12.95, 13.47, 12.63, 12.95
05/10/07, 13.60, 13.85, 12.89, 13.60
05/09/07, 12.88, 13.50, 12.54, 12.88
05/08/07, 13.21, 13.69, 13.16, 13.21
05/07/07, 13.15, 13.37, 13.11, 13.15
05/04/07, 12.91, 13.36, 12.59, 12.91
05/03/07, 13.09, 13.36, 12.89, 13.09
05/02/07, 13.08, 13.52, 12.55, 13.08
05/01/07, 13.51, 14.60, 13.48, 13.51
04/30/07, 14.22, 14.31, 12.78, 14.22
04/27/07, 12.45, 13.26, 12.41, 12.45
04/26/07, 12.79, 13.67, 12.67, 12.79
04/25/07, 13.21, 13.23, 12.58, 13.21
04/24/07, 13.12, 13.89, 13.04, 13.12
04/23/07, 13.04, 13.08, 12.48, 13.04
04/20/07, 12.07, 12.67, 11.97, 12.07
04/19/07, 12.54, 13.27, 12.41, 12.54
04/18/07, 12.42, 12.57, 11.95, 12.42
04/17/07, 12.14, 12.17, 11.50, 12.14
04/16/07, 11.98, 12.10, 11.46, 11.98
04/13/07, 12.20, 13.00, 12.13, 12.20
04/12/07, 12.71, 14.15, 12.58, 12.71
04/11/07, 13.49, 14.08, 12.72, 13.49
04/10/07, 12.68, 13.33, 12.56, 12.68
04/09/07, 13.14, 13.56, 12.89, 13.14
04/05/07, 13.23, 13.66, 12.69, 13.23
04/04/07, 13.24, 13.91, 13.20, 13.24
04/03/07, 13.46, 14.06, 12.81, 13.46
04/02/07, 14.53, 15.46, 14.40, 14.53
03/30/07, 14.64, 15.82, 14.14, 14.64
03/29/07, 15.14, 16.05, 14.34, 15.14
03/28/07, 14.98, 15.51, 14.22, 14.98
03/27/07, 13.48, 13.90, 13.35, 13.48
03/26/07, 13.16, 14.70, 12.91, 13.16
03/23/07, 12.95, 13.18, 12.46, 12.95
03/22/07, 12.93, 12.95, 12.04, 12.93
03/21/07, 12.19, 13.67, 11.21, 12.19
03/20/07, 13.27, 15.16, 13.25, 13.27
03/19/07, 14.59, 15.82, 14.58, 14.59
03/16/07, 16.79, 17.71, 15.29, 16.79
03/15/07, 16.43, 16.91, 15.27, 16.43
03/14/07, 17.27, 21.25, 16.75, 17.27
03/13/07, 18.13, 18.42, 14.60, 18.13
03/12/07, 13.99, 14.96, 13.76, 13.99
03/09/07, 14.09, 14.62, 13.67, 14.09
03/08/07, 14.29, 14.70, 13.48, 14.29